ID,NPL_score,SMILES_no_chiral,SMILES_chiral
CHEMBL418052,0.791,N=c1[nH]cnc2c1ncn2C1OC(CSCCC(N)C(=O)O)C(O)C1O,N=c1[nH]cnc2c1ncn2[C@@H]1O[C@H](CSCCC(N)C(=O)O)[C@@H](O)[C@H]1O
CHEMBL591972,0.421,COc1ccc2c(c1)[nH]c1c(C)c(O)ccc12,COc1ccc2c(c1)[nH]c1c(C)c(O)ccc12
CHEMBL2336409,-0.881,Cc1cc(=Nc2ccc(NC(=O)c3ccc(N=c4cc[nH]c5ccccc45)cc3)cc2)[nH]c(=N)[nH]1,Cc1cc(=Nc2ccc(NC(=O)c3ccc(N=c4cc[nH]c5ccccc45)cc3)cc2)[nH]c(=N)[nH]1
CHEMBL1916669,-0.758,CN(C)CC1CC(c2ccc(N)cc2)=NO1,CN(C)CC1CC(c2ccc(N)cc2)=NO1
CHEMBL260027,-0.84,CCN(CC)CC1CN=C(c2ccc([N+](=O)[O-])cc2)O1,CCN(CC)C[C@@H]1CN=C(c2ccc([N+](=O)[O-])cc2)O1
CHEMBL318743,0.728,COc1cc(CCC(=O)CC(=O)CCc2ccc(O)c(OC)c2)ccc1O,COc1cc(CCC(=O)CC(=O)CCc2ccc(O)c(OC)c2)ccc1O
CHEMBL2063061,0.665,Cc1cn(C2CC(O)C(CO)O2)c(=O)[nH]c1=NCc1ccccc1,Cc1cn([C@H]2C[C@H](O)[C@@H](CO)O2)c(=O)[nH]c1=NCc1ccccc1
CHEMBL113835,0.116,Cc1cc(Cc2cc(C)c(O)c(C(=O)O)c2)cc(C(=O)O)c1O,Cc1cc(Cc2cc(C)c(O)c(C(=O)O)c2)cc(C(=O)O)c1O
CHEMBL48396,-0.935,Nc1ccc(S(=O)(=O)c2ccc(NCC(=O)O)cc2)cc1,Nc1ccc(S(=O)(=O)c2ccc(NCC(=O)O)cc2)cc1
CHEMBL1916683,-0.536,CN1CC2ON=C(Cc3ccc([N+](=O)[O-])cc3)C2C1,CN1CC2ON=C(Cc3ccc([N+](=O)[O-])cc3)C2C1
CHEMBL3216341,-1.088,CC(=NN=C(N)N)c1ccc(NC(=O)c2ccc(N=c3cc[nH]c4ccc(N(C)C)cc34)cc2)cc1,CC(=NN=C(N)N)c1ccc(NC(=O)c2ccc(N=c3cc[nH]c4ccc(N(C)C)cc34)cc2)cc1
CHEMBL2385830,-0.814,C[n+]1ccc(Nc2ccc(NC(=O)c3ccc(N=c4cc[nH]c5ccc(N)cc45)cc3)cc2)cc1,C[n+]1ccc(Nc2ccc(NC(=O)c3ccc(N=c4cc[nH]c5ccc(N)cc45)cc3)cc2)cc1
CHEMBL3134250,-0.819,COc1ccc(Cl)cc1C(=O)N(C)CCc1ccc(CCC(=O)O)cc1,COc1ccc(Cl)cc1C(=O)N(C)CCc1ccc(CCC(=O)O)cc1
CHEMBL1916672,-0.974,CN(C)CC1CC(Cc2ccc([N+](=O)[O-])cc2)=NO1,CN(C)CC1CC(Cc2ccc([N+](=O)[O-])cc2)=NO1
CHEMBL1916518,-0.787,COc1ccc(C2=NOC(CN(C)C)C2)cc1,COc1ccc(C2=NOC(CN(C)C)C2)cc1
CHEMBL3109087,-0.25,O=C(O)C(Cc1c[nH]c2ccccc12)CN1C(=O)c2ccccc2C1=O,O=C(O)C(Cc1c[nH]c2ccccc12)CN1C(=O)c2ccccc2C1=O
CHEMBL3109075,-0.088,O=C(O)C1C(Cc2c[nH]c3ccccc23)CCN1C(=O)c1ccc2ccccc2c1,O=C(O)C1[C@H](Cc2c[nH]c3ccccc23)CCN1C(=O)c1ccc2ccccc2c1
CHEMBL3109080,-0.919,O=C(O)C(Cc1csc2ccccc12)N1C(=O)c2ccccc2C1=O,O=C(O)C(Cc1csc2ccccc12)N1C(=O)c2ccccc2C1=O
CHEMBL3126645,-1.026,Cc1cc(=Nc2ccc(NC(=O)c3cccc(N=c4cc[nH]c5ccccc45)c3)cc2)[nH]c(=N)[nH]1,Cc1cc(=Nc2ccc(NC(=O)c3cccc(N=c4cc[nH]c5ccccc45)c3)cc2)[nH]c(=N)[nH]1
CHEMBL2385825,-0.948,Cc1cc(=Nc2ccc(NC(=O)c3ccc(N=c4cc[nH]c5c(F)c(F)c(F)cc45)cc3)cc2)[nH]c(=N)[nH]1,Cc1cc(=Nc2ccc(NC(=O)c3ccc(N=c4cc[nH]c5c(F)c(F)c(F)cc45)cc3)cc2)[nH]c(=N)[nH]1
CHEMBL2385833,-1.005,C[n+]1ccc(Nc2cccc(C(=O)Nc3ccc(N=c4cc[nH]c5ccccc45)cc3)c2)cc1,C[n+]1ccc(Nc2cccc(C(=O)Nc3ccc(N=c4cc[nH]c5ccccc45)cc3)c2)cc1
CHEMBL1361703,-1.531,COc1ccccc1CNC(=O)COC(=O)c1cc(-c2ccco2)nc2ccccc12,COc1ccccc1CNC(=O)COC(=O)c1cc(-c2ccco2)nc2ccccc12
CHEMBL1322848,-2.155,COc1ccc(S(=O)(=O)N2CCN(C(=O)c3cc4c(s3)CCC4)CC2)cc1,COc1ccc(S(=O)(=O)N2CCN(C(=O)c3cc4c(s3)CCC4)CC2)cc1
CHEMBL1373655,-0.65,C=c1[nH]n(-c2cccc(C(=O)O)c2)c(=O)c1=CC=Cc1ccco1,C=c1[nH]n(-c2cccc(C(=O)O)c2)c(=O)/c1=C\C=C\c1ccco1
CHEMBL1529285,-1.225,O=C(O)c1ccc(NS(=O)(=O)c2ccc3c(c2)C2C=CCC2C(c2ccccc2F)N3)cc1,O=C(O)c1ccc(NS(=O)(=O)c2ccc3c(c2)C2C=CCC2C(c2ccccc2F)N3)cc1
CHEMBL1301673,-0.229,C=C(C)C(=O)Nc1cccc(C2=NOC3(C2)CC(C(N)=O)N(C(=O)C=CC=CC)C3)c1,C=C(C)C(=O)Nc1cccc(C2=NOC3(C2)CC(C(N)=O)N(C(=O)C=CC=CC)C3)c1
CHEMBL2047714,0.002,COc1cc(CC(=NO)C(=O)NCCSSCCNC(=O)C(Cc2ccc(SC)c(OC)c2)=NO)ccc1SC,COc1cc(CC(=NO)C(=O)NCCSSCCNC(=O)C(Cc2ccc(SC)c(OC)c2)=NO)ccc1SC
CHEMBL1818034,0.253,O=C(NCCSSCCNC(=O)C(Cc1cc(Br)c(O)c(Br)c1)=NO)C(Cc1cc(Br)c(O)c(Br)c1)=NO,O=C(NCCSSCCNC(=O)C(Cc1cc(Br)c(O)c(Br)c1)=NO)C(Cc1cc(Br)c(O)c(Br)c1)=NO
CHEMBL2047709,0.029,CSc1ccc(CC(=NO)C(=O)NCCSSCCNC(=O)C(Cc2ccc(SC)c(Br)c2)=NO)cc1Br,CSc1ccc(CC(=NO)C(=O)NCCSSCCNC(=O)C(Cc2ccc(SC)c(Br)c2)=NO)cc1Br
CHEMBL2047708,0.063,COc1ccc(CC(=NO)C(=O)NCCSSCCNC(=O)C(Cc2ccc(OC)c(I)c2)=NO)cc1I,COc1ccc(CC(=NO)C(=O)NCCSSCCNC(=O)C(Cc2ccc(OC)c(I)c2)=NO)cc1I
CHEMBL2047697,0.228,COc1cc(CC(=NO)C(=O)NCCSSCCNC(=O)C(Cc2cc(Br)c(OC)c(OC)c2)=NO)cc(Br)c1OC,COc1cc(CC(=NO)C(=O)NCCSSCCNC(=O)C(Cc2cc(Br)c(OC)c(OC)c2)=NO)cc(Br)c1OC
CHEMBL3605964,-0.752,CCOCC(C(=O)c1ccc(Cl)cc1)n1cnc2[nH]cnc(=N)c21,CCOCC(C(=O)c1ccc(Cl)cc1)n1cnc2[nH]cnc(=N)c21
CHEMBL1916668,-0.666,CN(C)CC1CC(c2ccc(C(=O)O)cc2)=NO1,CN(C)CC1CC(c2ccc(C(=O)O)cc2)=NO1
CHEMBL1916517,-1.296,CN(C)CC1CC(c2ccc([N+](=O)[O-])cc2)=NO1,CN(C)CC1CC(c2ccc([N+](=O)[O-])cc2)=NO1
CHEMBL3605935,-1.207,CCSCC(C(=O)c1ccc(Cl)cc1)n1cnc2ccccc21,CCSCC(C(=O)c1ccc(Cl)cc1)n1cnc2ccccc21
CHEMBL3818617,-1.663,CCN(C(=O)CO)C1CN(C(=NC#N)Nc2cccc(OC(F)F)c2)N=C1c1ccc(Cl)c(Cl)c1,CCN(C(=O)CO)C1CN(C(=NC#N)Nc2cccc(OC(F)F)c2)N=C1c1ccc(Cl)c(Cl)c1
CHEMBL276832,-1.22,NN=c1[nH]ncc2ccccc12,NN=c1[nH]ncc2ccccc12
CHEMBL569,-0.841,CCN(CC)CCOC(=O)c1ccc(N)cc1,CCN(CC)CCOC(=O)c1ccc(N)cc1
CHEMBL2047541,0.205,COc1ccc(CC(=NO)C(=O)NCCS)cc1Br,COc1ccc(CC(=NO)C(=O)NCCS)cc1Br
CHEMBL2047694,-0.026,CSc1ccc(CC(=NO)C(=O)NCCS)cc1Br,CSc1ccc(CC(=NO)C(=O)NCCS)cc1Br
CHEMBL2047698,0.292,COc1ccc(CC(=NO)C(=O)NCCS)cc1OC,COc1ccc(CC(=NO)C(=O)NCCS)cc1OC
CHEMBL2047699,-0.533,O=C(NCCS)C(Cc1cccc([N+](=O)[O-])c1)=NO,O=C(NCCS)C(Cc1cccc([N+](=O)[O-])c1)=NO
CHEMBL2047703,-0.174,CN(C)c1ccc(CC(=NO)C(=O)NCCS)cc1,CN(C)c1ccc(CC(=NO)C(=O)NCCS)cc1
CHEMBL1818036,0.264,O=C(NCCCCCCNC(=O)C(Cc1ccc(O)c(Br)c1)=NO)C(Cc1ccc(O)c(Br)c1)=NO,O=C(NCCCCCCNC(=O)C(Cc1ccc(O)c(Br)c1)=NO)C(Cc1ccc(O)c(Br)c1)=NO
CHEMBL2047713,-0.243,O=C(NCCSSCCNC(=O)C(Cc1cc(Br)cc([N+](=O)[O-])c1)=NO)C(Cc1cc(Br)cc([N+](=O)[O-])c1)=NO,O=C(NCCSSCCNC(=O)C(Cc1cc(Br)cc([N+](=O)[O-])c1)=NO)C(Cc1cc(Br)cc([N+](=O)[O-])c1)=NO
CHEMBL2047712,-0.255,O=C(NCCSSCCNC(=O)C(Cc1cccc([N+](=O)[O-])c1)=NO)C(Cc1cccc([N+](=O)[O-])c1)=NO,O=C(NCCSSCCNC(=O)C(Cc1cccc([N+](=O)[O-])c1)=NO)C(Cc1cccc([N+](=O)[O-])c1)=NO
CHEMBL1818029,0.289,O=C(NCCSSCCNC(=O)C(Cc1ccc(O)cc1)=NO)C(Cc1ccc(O)cc1)=NO,O=C(NCCSSCCNC(=O)C(Cc1ccc(O)cc1)=NO)C(Cc1ccc(O)cc1)=NO
CHEMBL2047673,-0.011,O=C(Cc1ccc(O)c(Br)c1)C(=O)NCCSSCCNC(=O)C(=O)Cc1ccc(O)c(Br)c1,O=C(Cc1ccc(O)c(Br)c1)C(=O)NCCSSCCNC(=O)C(=O)Cc1ccc(O)c(Br)c1
CHEMBL2047672,-0.698,COc1ccc(CC(=O)C(=O)NCCSC)cc1Br,COc1ccc(CC(=O)C(=O)NCCSC)cc1Br
CHEMBL3765719,-0.95,O=C(NCc1ccccc1)c1cccc(N2C(=O)N=C(Cc3ccc(O)cc3)C2=O)c1,O=C(NCc1ccccc1)c1cccc(N2C(=O)N=C(Cc3ccc(O)cc3)C2=O)c1
CHEMBL1818138,-0.086,O=C(CCc1ccc(O)c(Br)c1)NCCSSCCNC(=O)CCc1ccc(O)c(Br)c1,O=C(CCc1ccc(O)c(Br)c1)NCCSSCCNC(=O)CCc1ccc(O)c(Br)c1
CHEMBL455474,1.994,C=C(Cl)C(=CBr)CCC(Br)=C(C)C,C=C(Cl)/C(=C\Br)CCC(Br)=C(C)C
CHEMBL4203933,-0.349,CCc1ccc(-c2cc(=NC3CCC34CCN(C)CC4)c3cc(OC)c(OCCCN4CCCC4)cc3[nH]2)o1,CCc1ccc(-c2cc(=NC3CCC34CCN(C)CC4)c3cc(OC)c(OCCCN4CCCC4)cc3[nH]2)o1
CHEMBL1916682,-0.013,CN1CC2ON=C(Cc3ccccc3)C2C1,CN1CC2ON=C(Cc3ccccc3)C2C1
CHEMBL1340117,-0.31,C=C(C)C(=O)Nc1cccc(C2=NOC3(C2)CC(C(N)=O)N(C(=O)C=CCC)C3)c1,C=C(C)C(=O)Nc1cccc(C2=NOC3(C2)CC(C(N)=O)N(C(=O)C=CCC)C3)c1
CHEMBL1356373,-1.443,O=C(O)CCc1ccc(S(=O)(=O)Nc2cc(C(F)(F)F)ccc2N2CCCC2)cc1,O=C(O)CCc1ccc(S(=O)(=O)Nc2cc(C(F)(F)F)ccc2N2CCCC2)cc1
CHEMBL1983083,-1.731,O=C(COc1ccc(C=NNC(=O)c2ccc(O)cc2)cc1)Nc1ccc([N+](=O)[O-])cc1,O=C(COc1ccc(/C=N/NC(=O)c2ccc(O)cc2)cc1)Nc1ccc([N+](=O)[O-])cc1
CHEMBL1893341,-1.747,COC(=O)c1ccc(C(=O)OC)c(NC(=O)Cc2cccs2)c1,COC(=O)c1ccc(C(=O)OC)c(NC(=O)Cc2cccs2)c1
CHEMBL1373095,-2.007,O=C(Nc1cccc(S(=O)(=O)N=C2CCCN2)c1)c1cc(-c2ccco2)nc2ccccc12,O=C(Nc1cccc(S(=O)(=O)N=C2CCCN2)c1)c1cc(-c2ccco2)nc2ccccc12
CHEMBL4177036,-0.301,COc1cc2c(=NC3CCN(C)CC3)cc(C3=CCOCC3)[nH]c2cc1OCCCN1CCCC1,COc1cc2c(=NC3CCN(C)CC3)cc(C3=CCOCC3)[nH]c2cc1OCCCN1CCCC1
CHEMBL4176464,-0.672,CCc1ccc(-c2cc(=NC3CCN(C4CC4)CC3)c3cc(OC)c(OCCCN4CCCC4)cc3[nH]2)o1,CCc1ccc(-c2cc(=NC3CCN(C4CC4)CC3)c3cc(OC)c(OCCCN4CCCC4)cc3[nH]2)o1
CHEMBL4069653,-0.851,Nc1ccc(NCCN2CCC(COc3ccc4c(=NCCCc5ccccc5)[nH]cnc4c3)CC2)cc1,Nc1ccc(NCCN2CCC(COc3ccc4c(=NCCCc5ccccc5)[nH]cnc4c3)CC2)cc1
CHEMBL4096869,-0.669,Cc1cc(=NCCN2CCC(COc3ccc4c(=NCCCc5ccccc5)[nH]cnc4c3)CC2)c2ccccc2[nH]1,Cc1cc(=NCCN2CCC(COc3ccc4c(=NCCCc5ccccc5)[nH]cnc4c3)CC2)c2ccccc2[nH]1
CHEMBL4070162,-0.789,Fc1ccc2[nH]ccc(=NCCN3CCC(COc4ccc5c(=NCCCc6ccccc6)[nH]cnc5c4)CC3)c2c1,Fc1ccc2[nH]ccc(=NCCN3CCC(COc4ccc5c(=NCCCc6ccccc6)[nH]cnc5c4)CC3)c2c1
CHEMBL4062938,-0.653,c1ccc(CN=c2[nH]cnc3cc(OCC4CCN(CCN=c5cc[nH]c6ccccc56)CC4)ccc23)cc1,c1ccc(CN=c2[nH]cnc3cc(OCC4CCN(CCN=c5cc[nH]c6ccccc56)CC4)ccc23)cc1
CHEMBL4071562,-0.861,Clc1ccccc1CCN=c1[nH]cnc2cc(OCC3CCN(CCN=c4cc[nH]c5ccccc45)CC3)ccc12,Clc1ccccc1CCN=c1[nH]cnc2cc(OCC3CCN(CCN=c4cc[nH]c5ccccc45)CC3)ccc12
CHEMBL4071760,-0.834,c1ccc(CCCN=c2[nH]cnc3cc(OCC4CCN(CCNc5cncc6ccccc56)CC4)ccc23)cc1,c1ccc(CCCN=c2[nH]cnc3cc(OCC4CCN(CCNc5cncc6ccccc56)CC4)ccc23)cc1
CHEMBL4097823,-0.675,FC(F)(F)c1cc(=NCCN2CCC(COc3ccc4c(=NCCCc5ccccc5)[nH]cnc4c3)CC2)c2ccccc2[nH]1,FC(F)(F)c1cc(=NCCN2CCC(COc3ccc4c(=NCCCc5ccccc5)[nH]cnc4c3)CC2)c2ccccc2[nH]1
CHEMBL4084601,-0.62,c1ccc(CCN=c2[nH]cnc3cc(OCC4CCN(CCN=c5cc[nH]c6ccccc56)CC4)ccc23)cc1,c1ccc(CCN=c2[nH]cnc3cc(OCC4CCN(CCN=c5cc[nH]c6ccccc56)CC4)ccc23)cc1
CHEMBL4060851,-0.856,NS(=O)(=O)c1ccc(CCN=c2[nH]cnc3cc(OCC4CCN(CCN=c5cc[nH]c6ccccc56)CC4)ccc23)cc1,NS(=O)(=O)c1ccc(CCN=c2[nH]cnc3cc(OCC4CCN(CCN=c5cc[nH]c6ccccc56)CC4)ccc23)cc1
CHEMBL4099197,-0.609,c1ccc(-c2ccc(CN=c3[nH]cnc4cc(OCC5CCN(CCN=c6cc[nH]c7ccccc67)CC5)ccc34)cc2)cc1,c1ccc(-c2ccc(CN=c3[nH]cnc4cc(OCC5CCN(CCN=c6cc[nH]c7ccccc67)CC5)ccc34)cc2)cc1
CHEMBL4091463,-0.77,c1ccc2c(NCCN=c3[nH]cnc4cc(OCC5CCN(CCN=c6cc[nH]c7ccccc67)CC5)ccc34)cccc2c1,c1ccc2c(NCCN=c3[nH]cnc4cc(OCC5CCN(CCN=c6cc[nH]c7ccccc67)CC5)ccc34)cccc2c1
CHEMBL4100095,-0.767,c1ccc(NCCN=c2[nH]cnc3cc(OCC4CCN(CCN=c5cc[nH]c6ccccc56)CC4)ccc23)cc1,c1ccc(NCCN=c2[nH]cnc3cc(OCC4CCN(CCN=c5cc[nH]c6ccccc56)CC4)ccc23)cc1
CHEMBL4070549,-0.57,c1ccc2c(CCCN=c3[nH]cnc4cc(OCC5CCN(CCN=c6cc[nH]c7ccccc67)CC5)ccc34)cccc2c1,c1ccc2c(CCCN=c3[nH]cnc4cc(OCC5CCN(CCN=c6cc[nH]c7ccccc67)CC5)ccc34)cccc2c1
CHEMBL3414630,-1.083,CCN(CC)CCNC(=O)c1ccc(NCCCCCCCCCCCCN2C(=O)c3ccccc3C2=O)cc1,CCN(CC)CCNC(=O)c1ccc(NCCCCCCCCCCCCN2C(=O)c3ccccc3C2=O)cc1
CHEMBL3427569,-0.422,C#CCOc1ccc2[nH]cc(CC(C(=O)OC)N3C(=O)C=CC3=O)c2c1,C#CCOc1ccc2[nH]cc(CC(C(=O)OC)N3C(=O)C=CC3=O)c2c1
CHEMBL3126652,-0.837,Cc1cc(=Nc2ccc(NC(=O)c3ccc(N=c4cc(C)[nH]c(=N)[nH]4)cc3)cc2)[nH]c(=N)[nH]1,Cc1cc(=Nc2ccc(NC(=O)c3ccc(N=c4cc(C)[nH]c(=N)[nH]4)cc3)cc2)[nH]c(=N)[nH]1
CHEMBL3126646,-0.96,Cc1cc(=Nc2cccc(NC(=O)c3cccc(N=c4cc[nH]c5ccccc45)c3)c2)[nH]c(=N)[nH]1,Cc1cc(=Nc2cccc(NC(=O)c3cccc(N=c4cc[nH]c5ccccc45)c3)c2)[nH]c(=N)[nH]1
CHEMBL1916680,-0.187,CN1CC2ON=C(c3ccc(N)cc3)C2C1,CN1CC2ON=C(c3ccc(N)cc3)C2C1
CHEMBL2063052,-0.417,O=c1[nH]ccc(=NCc2ccccc2)[nH]1,O=c1[nH]ccc(=NCc2ccccc2)[nH]1
CHEMBL2325183,-1.957,O=C(NCC(=O)c1ccccc1)Nc1ccc2nnsc2c1,O=C(NCC(=O)c1ccccc1)Nc1ccc2nnsc2c1
CHEMBL2047707,-0.065,CSc1ccc(CC(=NO)C(=O)NCCSSCCNC(=O)C(Cc2ccc(SC)cc2)=NO)cc1,CSc1ccc(CC(=NO)C(=O)NCCSSCCNC(=O)C(Cc2ccc(SC)cc2)=NO)cc1
CHEMBL2047693,-0.178,O=C(NCCSSCCNC(=O)C(Cc1ccc(F)c(Br)c1)=NO)C(Cc1ccc(F)c(Br)c1)=NO,O=C(NCCSSCCNC(=O)C(Cc1ccc(F)c(Br)c1)=NO)C(Cc1ccc(F)c(Br)c1)=NO
CHEMBL1916684,-0.013,COc1ccc(CC2=NOC3CN(C)CC23)cc1,COc1ccc(CC2=NOC3CN(C)CC23)cc1
CHEMBL1416694,-1.269,CC(C)(C)CC(=O)Nc1cccc2c1CCCC2,CC(C)(C)CC(=O)Nc1cccc2c1CCCC2
CHEMBL1981446,-1.649,O=C(NN=Cc1cn(Cc2cccc(F)c2)c2ccccc12)c1cc(O)cc(O)c1,O=C(N/N=C/c1cn(Cc2cccc(F)c2)c2ccccc12)c1cc(O)cc(O)c1
CHEMBL1433062,-0.844,COc1ccc(OC)c(-n2c(O)c3onc(-c4ccccc4Cl)c3c2O)c1,COc1ccc(OC)c(-n2c(O)c3onc(-c4ccccc4Cl)c3c2O)c1
CHEMBL1322547,1.401,CC=CC=CC(=O)C1C(=O)C2(C)C(=O)C(C)(O)C1C(C1(C)OC(=O)C(C)C1=O)C2C(=O)C=CC=CC,CC=CC=CC(=O)C1C(=O)[C@]2(C)C(=O)C(C)(O)[C@H]1[C@H]([C@]1(C)OC(=O)C(C)C1=O)C2C(=O)C=CC=CC
CHEMBL167773,-0.79,COc1ccc(Cl)cc1C(=O)NCCc1ccc(O)cc1,COc1ccc(Cl)cc1C(=O)NCCc1ccc(O)cc1
CHEMBL3134245,-0.902,COc1ccc(Cl)cc1C(=O)NCc1ccc(CCC(=O)O)cc1,COc1ccc(Cl)cc1C(=O)NCc1ccc(CCC(=O)O)cc1
CHEMBL3134243,-1.053,O=C(O)CCc1ccc(CCNC(=O)c2cc(C(F)(F)F)ccc2Cl)cc1,O=C(O)CCc1ccc(CCNC(=O)c2cc(C(F)(F)F)ccc2Cl)cc1
CHEMBL2063048,-0.941,O=C1N=C(NCc2ccco2)NCN1,O=C1N=C(NCc2ccco2)NCN1
CHEMBL2204997,-1.545,CCCc1cc(C)[nH]c(=O)c1CNC(=O)c1cc(-c2ccc(N3CCN(C)CC3)nc2)cc2c1cnn2C(C)C,CCCc1cc(C)[nH]c(=O)c1CNC(=O)c1cc(-c2ccc(N3CCN(C)CC3)nc2)cc2c1cnn2C(C)C
CHEMBL2047688,0.553,O=C(NCCS)C(Cc1ccc(O)cc1)=NO,O=C(NCCS)C(Cc1ccc(O)cc1)=NO
CHEMBL2047705,-0.034,O=C(NCCCSCCNC(=O)C(Cc1ccc(O)c(Br)c1)=NO)C(Cc1ccc(O)c(Br)c1)=NO,O=C(NCCCSCCNC(=O)C(Cc1ccc(O)c(Br)c1)=NO)C(Cc1ccc(O)c(Br)c1)=NO
CHEMBL262082,-0.865,CCN(CC)CC1COC(c2ccc([N+](=O)[O-])cc2)=N1,CCN(CC)C[C@H]1COC(c2ccc([N+](=O)[O-])cc2)=N1
CHEMBL1564869,-0.373,O=C(O)C(Cc1c[nH]c2ccccc12)N1C(=O)c2ccccc2C1=O,O=C(O)C(Cc1c[nH]c2ccccc12)N1C(=O)c2ccccc2C1=O
CHEMBL179512,0.93,COc1cc(C=CC(=O)CC(=O)C=Cc2ccc(O)cc2)ccc1O,COc1cc(C=CC(=O)CC(=O)C=Cc2ccc(O)cc2)ccc1O
CHEMBL4211688,-0.363,CCc1ccc(-c2cc(=NCC3C4CCC3CN(C)C4)c3cc(OC)c(OCCCN4CCCC4)cc3[nH]2)o1,CCc1ccc(-c2cc(=NCC3C4CCC3CN(C)C4)c3cc(OC)c(OCCCN4CCCC4)cc3[nH]2)o1
CHEMBL2385821,-1.005,Cc1cc(=Nc2cccc(NC(=O)c3ccc(N=c4cc[nH]c5ccccc45)cc3)c2)[nH]c(=N)[nH]1,Cc1cc(=Nc2cccc(NC(=O)c3ccc(N=c4cc[nH]c5ccccc45)cc3)c2)[nH]c(=N)[nH]1
CHEMBL3216134,-1.088,CC(=NN=C(N)N)c1ccc(C(=O)Nc2ccc(N=c3cc[nH]c4ccc(N(C)C)cc34)cc2)cc1,CC(=NN=C(N)N)c1ccc(C(=O)Nc2ccc(N=c3cc[nH]c4ccc(N(C)C)cc34)cc2)cc1
CHEMBL559715,0.741,NC(CCSCC1OC(n2cnc3c(=O)[nH]cnc32)C(O)C1O)C(=O)O,NC(CCSC[C@H]1O[C@@H](n2cnc3c(=O)[nH]cnc32)[C@H](O)[C@@H]1O)C(=O)O
CHEMBL552246,0.136,N=c1[nH]cnc2c1nnn2C1OC(CSCCC(N)C(=O)O)C(O)C1O,N=c1[nH]cnc2c1nnn2[C@@H]1O[C@H](CSCCC(N)C(=O)O)[C@@H](O)[C@H]1O
CHEMBL1536256,-1.875,COc1ccc(-c2nn(-c3ccccc3)cc2C=C2SC(=S)N(CCC(=O)O)C2=O)cc1,COc1ccc(-c2nn(-c3ccccc3)cc2/C=C2/SC(=S)N(CCC(=O)O)C2=O)cc1
CHEMBL1543134,-0.871,O=C(C=Cc1ccco1)N=CC(=O)NNc1c(O)[nH]c2ccccc12,O=C(C=Cc1ccco1)N=CC(=O)NNc1c(O)[nH]c2ccccc12
CHEMBL1558195,-2.348,CCOc1ccc(NC(=O)c2cccc(-n3cccc3)c2)cc1S(=O)(=O)N1CCOCC1,CCOc1ccc(NC(=O)c2cccc(-n3cccc3)c2)cc1S(=O)(=O)N1CCOCC1
CHEMBL1536569,-0.275,CC1(C)CC(N=c2cc(-c3ccccc3)oc3ccc(Cl)cc23)CC(C)(C)N1,CC1(C)CC(N=c2cc(-c3ccccc3)oc3ccc(Cl)cc23)CC(C)(C)N1
CHEMBL1303509,-1.535,O=C(O)c1ccccc1-c1ccc(C=c2sc3nc4cc(Br)cnc4n3c2=O)o1,O=C(O)c1ccccc1-c1ccc(C=c2sc3nc4cc(Br)cnc4n3c2=O)o1
CHEMBL589775,-0.572,COc1ccc2c(c1)[nH]c1c(C)c(OS(=O)(=O)c3cccc4c(N(C)C)cccc34)ccc12,COc1ccc2c(c1)[nH]c1c(C)c(OS(=O)(=O)c3cccc4c(N(C)C)cccc34)ccc12
CHEMBL1508582,-1.307,CCN(CC)CCCN=c1[nH]c2cc(OC)c(OC)cc2c2nc(-c3cccnc3)nn12,CCN(CC)CCCN=c1[nH]c2cc(OC)c(OC)cc2c2nc(-c3cccnc3)nn12
CHEMBL1347385,-1.23,O=C1NN(c2ccccc2)C(=O)C1=Cc1ccc(Sc2cccc3ccccc23)o1,O=C1NN(c2ccccc2)C(=O)/C1=C/c1ccc(Sc2cccc3ccccc23)o1
CHEMBL1464200,-0.919,Nc1cc(S(=O)(=O)O)cc([N+](=O)[O-])c1O,Nc1cc(S(=O)(=O)O)cc([N+](=O)[O-])c1O
CHEMBL1890961,0.326,O=C1C=C(N2CC2)c2ccccc2C1=O,O=C1C=C(N2CC2)c2ccccc2C1=O
CHEMBL1539325,-0.295,CC1(C)CCCN(C(=O)c2coc(=O)c(Br)c2)C1,CC1(C)CCCN(C(=O)c2coc(=O)c(Br)c2)C1
CHEMBL1462469,-2.032,COc1ccc(-c2csc(=NC(=O)CSc3nc(C)nc4sc(C(=O)O)c(C)c34)[nH]2)cc1,COc1ccc(-c2csc(=NC(=O)CSc3nc(C)nc4sc(C(=O)O)c(C)c34)[nH]2)cc1
CHEMBL1522300,-1.125,COc1ccc(N2Cc3cccc(C(=O)N4CCN(C(=O)c5ccco5)CC4)c3C2=O)cc1,COc1ccc(N2Cc3cccc(C(=O)N4CCN(C(=O)c5ccco5)CC4)c3C2=O)cc1
CHEMBL1780244,-0.111,O=C(O)C(c1c[nH]c2ccccc12)N1C(=O)C=CC1=O,O=C(O)C(c1c[nH]c2ccccc12)N1C(=O)C=CC1=O
CHEMBL549412,0.563,NC(CCSCC1OC(n2cnc3c(=Nc4ccccc4)[nH]cnc32)C(O)C1O)C(=O)O,NC(CCSC[C@H]1O[C@@H](n2cnc3c(=Nc4ccccc4)[nH]cnc32)[C@H](O)[C@@H]1O)C(=O)O
CHEMBL1231795,-0.939,COc1cc2c(=NC3CCN(C(C)C)CC3)[nH]c(C3CCCCC3)nc2cc1OCCCN1CCCC1,COc1cc2c(=NC3CCN(C(C)C)CC3)[nH]c(C3CCCCC3)nc2cc1OCCCN1CCCC1
CHEMBL4173668,-0.402,COc1cc2c(=NC3CCN(C)CC3)cc(C3=CCCCC3)[nH]c2cc1OCCCN1CCCC1,COc1cc2c(=NC3CCN(C)CC3)cc(C3=CCCCC3)[nH]c2cc1OCCCN1CCCC1
CHEMBL3427578,-1.093,COC(=O)C(Cc1ccc(-n2nnc(-c3ccncc3)n2)cc1)N1C(=O)C=CC1=O,COC(=O)C(Cc1ccc(-n2nnc(-c3ccncc3)n2)cc1)N1C(=O)C=CC1=O
CHEMBL561047,0.795,N=c1[nH]ccc2c1ncn2C1OC(CSCCC(N)C(=O)O)C(O)C1O,N=c1[nH]ccc2c1ncn2[C@@H]1O[C@H](CSCCC(N)C(=O)O)[C@@H](O)[C@H]1O
CHEMBL558406,0.403,CSc1nc(=N)c2ncn(C3OC(CSCCC(N)C(=O)O)C(O)C3O)c2[nH]1,CSc1nc(=N)c2ncn([C@@H]3O[C@H](CSCCC(N)C(=O)O)[C@@H](O)[C@H]3O)c2[nH]1
CHEMBL556265,0.552,NC(CCSCC1OC(n2cnc3c(=NCc4ccccc4)[nH]cnc32)C(O)C1O)C(=O)O,NC(CCSC[C@H]1O[C@@H](n2cnc3c(=NCc4ccccc4)[nH]cnc32)[C@H](O)[C@@H]1O)C(=O)O
CHEMBL2385829,-0.951,C[n+]1ccc(Nc2cccc(NC(=O)c3ccc(N=c4cc[nH]c5ccc(N)cc45)cc3)c2)cc1,C[n+]1ccc(Nc2cccc(NC(=O)c3ccc(N=c4cc[nH]c5ccc(N)cc45)cc3)c2)cc1
CHEMBL1916674,-0.43,CN(C)CC1CC(Cc2ccc(N)cc2)=NO1,CN(C)CC1CC(Cc2ccc(N)cc2)=NO1
CHEMBL1916667,-0.95,Cc1ccc(S(=O)(=O)Oc2ccc(C3=NOC(CN(C)C)C3)cc2)cc1,Cc1ccc(S(=O)(=O)Oc2ccc(C3=NOC(CN(C)C)C3)cc2)cc1
CHEMBL3126654,-1.113,Cc1cc(=Nc2ccc(NC(=O)c3ccc(N)cc3)cc2)[nH]c(=N)[nH]1,Cc1cc(=Nc2ccc(NC(=O)c3ccc(N)cc3)cc2)[nH]c(=N)[nH]1
CHEMBL1397359,-1.264,COc1ccc(C(=O)OCC(=O)N=c2[nH]cc([N+](=O)[O-])s2)cc1OC,COc1ccc(C(=O)OCC(=O)N=c2[nH]cc([N+](=O)[O-])s2)cc1OC
CHEMBL1440076,-1.901,O=C(C=Cc1ccc(Br)cc1)NC(=S)Nc1ccc(S(=O)(=O)N=c2[nH]ccs2)cc1,O=C(/C=C/c1ccc(Br)cc1)NC(=S)Nc1ccc(S(=O)(=O)N=c2[nH]ccs2)cc1
CHEMBL2047540,0.515,O=C(NCCS)C(Cc1ccc(O)c(Br)c1)=NO,O=C(NCCS)C(Cc1ccc(O)c(Br)c1)=NO
CHEMBL2047669,0.175,CON=C(Cc1ccc(O)c(Br)c1)C(=O)NCCS,CON=C(Cc1ccc(O)c(Br)c1)C(=O)NCCS
CHEMBL2047690,-0.218,CSc1ccc(CC(=NO)C(=O)NCCS)cc1,CSc1ccc(CC(=NO)C(=O)NCCS)cc1
CHEMBL2047715,-0.076,CN(C)c1ccc(CC(=NO)C(=O)NCCSSCCNC(=O)C(Cc2ccc(N(C)C)cc2)=NO)cc1,CN(C)c1ccc(CC(=NO)C(=O)NCCSSCCNC(=O)C(Cc2ccc(N(C)C)cc2)=NO)cc1
CHEMBL83747,0.27,O=C(NCCSSCCNC(=O)C(Cc1ccc(O)c(Br)c1)=NO)C(Cc1ccc(O)c(Br)c1)=NO,O=C(NCCSSCCNC(=O)C(Cc1ccc(O)c(Br)c1)=NO)C(Cc1ccc(O)c(Br)c1)=NO
CHEMBL2047695,0.37,COc1cc(CC(=NO)C(=O)NCCS)cc(I)c1OC,COc1cc(CC(=NO)C(=O)NCCS)cc(I)c1OC
CHEMBL139528,2.056,C=CC(Cl)(CBr)CCC(Br)C(C)(C)Cl,C=C[C@](Cl)(CBr)CC[C@@H](Br)C(C)(C)Cl
CHEMBL557902,0.895,N=c1[nH]cnc2c1ncn2C1OC(CSC2CNC(C(=O)O)C2)C(O)C1O,N=c1[nH]cnc2c1ncn2[C@@H]1O[C@H](CS[C@@H]2CNC(C(=O)O)C2)[C@@H](O)[C@H]1O
CHEMBL4089964,-0.858,COc1ccc(Cl)cc1C(=O)NCCc1ccc(CCC(O)=NO)cc1,COc1ccc(Cl)cc1C(=O)NCCc1ccc(CCC(O)=NO)cc1
CHEMBL558883,0.556,CN1CC(SCC2OC(n3cnc4c(=N)[nH]cnc43)C(O)C2O)CC1C(=O)O,CN1C[C@@H](SC[C@H]2O[C@@H](n3cnc4c(=N)[nH]cnc43)C(O)[C@@H]2O)CC1C(=O)O
CHEMBL4087230,-0.708,COc1ccc(Cl)cc1C(=O)NCCc1cccc(C=CC(O)=NO)c1,COc1ccc(Cl)cc1C(=O)NCCc1cccc(/C=C/C(O)=NO)c1
CHEMBL408017,-0.906,O=[N+]([O-])c1ccc(C2=NCC(CN3CCCC3)O2)cc1,O=[N+]([O-])c1ccc(C2=NC[C@@H](CN3CCCC3)O2)cc1
CHEMBL558882,0.688,N=c1[nH]c(I)nc2c1ncn2C1OC(CSCCC(N)C(=O)O)C(O)C1O,N=c1[nH]c(I)nc2c1ncn2[C@@H]1O[C@H](CSCCC(N)C(=O)O)[C@@H](O)[C@H]1O
CHEMBL560105,0.603,NC(CCSCC1OC(n2cnc3c(=NCCCc4ccccc4)[nH]cnc32)C(O)C1O)C(=O)O,NC(CCSC[C@H]1O[C@@H](n2cnc3c(=NCCCc4ccccc4)[nH]cnc32)[C@H](O)[C@@H]1O)C(=O)O
CHEMBL552763,0.28,NC(CCSCC1OC(n2cnc3c(=NCCc4ccc(-c5ccccc5)cc4)[nH]c(Cl)nc32)C(O)C1O)C(=O)O,NC(CCSC[C@H]1O[C@@H](n2cnc3c(=NCCc4ccc(-c5ccccc5)cc4)[nH]c(Cl)nc32)[C@H](O)[C@@H]1O)C(=O)O
CHEMBL1605668,-0.464,COc1ccc(C(=O)C=Cc2ccc(-c3ccccc3)cc2)cc1CSCC(=O)O,COc1ccc(C(=O)/C=C/c2ccc(-c3ccccc3)cc2)cc1CSCC(=O)O
CHEMBL2005181,-1.367,Cc1cc(C)c2nc3sc(=Cc4ccc(-c5ccccc5C(=O)O)o4)c(=O)n3c2c1,Cc1cc(C)c2nc3sc(=Cc4ccc(-c5ccccc5C(=O)O)o4)c(=O)n3c2c1
CHEMBL1707222,0.51,COC1=C(Br)C(=O)c2nc(C)ccc2C1=O,COC1=C(Br)C(=O)c2nc(C)ccc2C1=O
CHEMBL374740,-0.447,O=C1Nc2c(Cl)cc(Cl)cc2C1=O,O=C1Nc2c(Cl)cc(Cl)cc2C1=O
CHEMBL1421559,-0.168,Cc1oc2c(c1C(=O)c1ccc(Cl)cc1)C(=O)C(=O)c1ccccc1-2,Cc1oc2c(c1C(=O)c1ccc(Cl)cc1)C(=O)C(=O)c1ccccc1-2
CHEMBL1981657,-0.714,N=C(NN=Cc1ccc(-c2ccc(O)c(C(=O)O)c2)o1)N[N+](=O)[O-],N=C(N[N+](=O)[O-])NN=Cc1ccc(-c2ccc(O)c(C(=O)O)c2)o1
CHEMBL1464373,-2.255,O=C(COC(=O)c1ccc(NS(=O)(=O)c2cccs2)cc1)NCc1ccco1,O=C(COC(=O)c1ccc(NS(=O)(=O)c2cccs2)cc1)NCc1ccco1
CHEMBL1509377,-0.974,C=C(C)C(=O)Nc1cccc(C2=NOC3(C2)CC(C(N)=O)N(C(=O)COc2ccc(Cl)cc2)C3)c1,C=C(C)C(=O)Nc1cccc(C2=NOC3(C2)CC(C(N)=O)N(C(=O)COc2ccc(Cl)cc2)C3)c1
CHEMBL2047670,-0.162,CON=C(Cc1ccc(OC)c(Br)c1)C(=O)NCCS,CON=C(Cc1ccc(OC)c(Br)c1)C(=O)NCCS
CHEMBL2047687,0.232,O=C(NCCS)C(Cc1ccccc1)=NO,O=C(NCCS)C(Cc1ccccc1)=NO
CHEMBL2047668,-0.07,CON=C(Cc1ccc(OC)c(Br)c1)C(=O)NCCSSCCNC(=O)C(Cc1ccc(OC)c(Br)c1)=NOC,CON=C(Cc1ccc(OC)c(Br)c1)C(=O)NCCSSCCNC(=O)C(Cc1ccc(OC)c(Br)c1)=NOC
CHEMBL1569215,-1.284,O=C1NN(c2ccc(Cl)cc2)C(=O)C1=Cc1ccc(-c2cccc(C(=O)O)c2)o1,O=C1NN(c2ccc(Cl)cc2)C(=O)/C1=C\c1ccc(-c2cccc(C(=O)O)c2)o1
CHEMBL1607517,0.059,O=C1c2ccccc2-c2cccc3cccc1c23,O=C1c2ccccc2-c2cccc3cccc1c23
CHEMBL2178767,-0.174,Cn1cc(CC(=NO)C(=O)NCCSSCCNC(=O)C(Cc2cn(C)c3ccc(Br)cc23)=NO)c2cc(Br)ccc21,Cn1cc(CC(=NO)C(=O)NCCSSCCNC(=O)C(Cc2cn(C)c3ccc(Br)cc23)=NO)c2cc(Br)ccc21
CHEMBL617,-0.013,CC(=O)OC=C1CSC2C(NC(=O)Cc3cccs3)C(=O)N2C1C(=O)O,CC(=O)OC=C1CSC2C(NC(=O)Cc3cccs3)C(=O)N2C1C(=O)O
CHEMBL1312212,-1.029,COc1cccc(NS(=O)(=O)c2ccc3c(c2)C2C=CCC2C(c2ccc(C(=O)O)cc2)N3)c1,COc1cccc(NS(=O)(=O)c2ccc3c(c2)C2C=CCC2C(c2ccc(C(=O)O)cc2)N3)c1
CHEMBL1181670,-0.362,c1ccc2c(c1)C1=NCCN1c1ccccc1-2,c1ccc2c(c1)C1=NCCN1c1ccccc1-2
CHEMBL1445488,-1.299,CCOC(=O)c1sc2nc3c(SCC(=O)O)cc(C(=O)c4ccccc4O)cn3c(=O)c2c1C,CCOC(=O)c1sc2nc3c(SCC(=O)O)cc(C(=O)c4ccccc4O)cn3c(=O)c2c1C
CHEMBL1507881,-0.646,C=c1c(=Cc2c(O)[nH]c(=O)n(-c3ccc4c(c3)OCO4)c2=O)cc(C)n1-c1cccc(C(=O)O)c1C,C=c1c(=Cc2c(O)[nH]c(=O)n(-c3ccc4c(c3)OCO4)c2=O)cc(C)n1-c1cccc(C(=O)O)c1C
CHEMBL592316,-0.572,CCN(CC)CCOc1ccc2c(c1)C(=NO)c1cc(OCCN(CC)CC)ccc1-2,CCN(CC)CCOc1ccc2c(c1)C(=NO)c1cc(OCCN(CC)CC)ccc1-2
CHEMBL3427581,-0.97,COC(=O)C(Cc1ccc(-n2nnc(-c3cc(C)cc(C)c3)n2)cc1)N1C(=O)C=CC1=O,COC(=O)C(Cc1ccc(-n2nnc(-c3cc(C)cc(C)c3)n2)cc1)N1C(=O)C=CC1=O
CHEMBL3427575,-1.03,COC(=O)C(Cc1ccc(-n2nnc(-c3ccccc3)n2)cc1)N1C(=O)C=CC1=O,COC(=O)C(Cc1ccc(-n2nnc(-c3ccccc3)n2)cc1)N1C(=O)C=CC1=O
CHEMBL3414631,0.062,O=C(O)C(Cc1c[nH]c2ccccc12)N1C(=O)C=CC1=O,O=C(O)C(Cc1c[nH]c2ccccc12)N1C(=O)C=CC1=O
CHEMBL3134230,-1.275,COc1ccc(Cl)cc1C(=O)NCCc1ccc(CCC(=O)N2CCOCC2)cc1,COc1ccc(Cl)cc1C(=O)NCCc1ccc(CCC(=O)N2CCOCC2)cc1
CHEMBL3134239,-0.655,O=C(O)CCc1ccc(CCNC(=O)c2ccccc2Br)cc1,O=C(O)CCc1ccc(CCNC(=O)c2ccccc2Br)cc1
CHEMBL597112,-0.695,COc1ccc(Cl)cc1C(=O)NCCc1ccc(CCC(=O)O)cc1,COc1ccc(Cl)cc1C(=O)NCCc1ccc(CCC(=O)O)cc1
CHEMBL3216133,-1.191,CC(=NN=C(N)N)c1cccc(NC(=O)c2ccc(N=c3cc[nH]c4ccc(N(C)C)cc34)cc2)c1,CC(=NN=C(N)N)c1cccc(NC(=O)c2ccc(N=c3cc[nH]c4ccc(N(C)C)cc34)cc2)c1
CHEMBL2385835,-0.985,C[n+]1ccc(Nc2cccc(C(=O)Nc3ccc(N=c4cc[nH]c5ccc(N)cc45)cc3)c2)cc1,C[n+]1ccc(Nc2cccc(C(=O)Nc3ccc(N=c4cc[nH]c5ccc(N)cc45)cc3)c2)cc1
CHEMBL2385832,-0.996,CN(C)c1ccc2[nH]ccc(=Nc3ccc(C(=O)Nc4ccc(Nc5cc[n+](C)cc5)cc4)cc3)c2c1,CN(C)c1ccc2[nH]ccc(=Nc3ccc(C(=O)Nc4ccc(Nc5cc[n+](C)cc5)cc4)cc3)c2c1
CHEMBL2385831,-1.125,CN(C)c1ccc2[nH]ccc(=Nc3ccc(C(=O)Nc4cccc(Nc5cc[n+](C)cc5)c4)cc3)c2c1,CN(C)c1ccc2[nH]ccc(=Nc3ccc(C(=O)Nc4cccc(Nc5cc[n+](C)cc5)c4)cc3)c2c1
CHEMBL2385827,-0.969,C[n+]1ccc(Nc2cccc(NC(=O)c3ccc(N=c4cc[nH]c5ccccc45)cc3)c2)cc1,C[n+]1ccc(Nc2cccc(NC(=O)c3ccc(N=c4cc[nH]c5ccccc45)cc3)c2)cc1
CHEMBL603734,0.597,COc1ccc2c(c1)[nH]c1cc(O)c(C)cc12,COc1ccc2c(c1)[nH]c1cc(O)c(C)cc12
CHEMBL4088220,-0.976,Cn1ccc2cc(NCCN3CCC(COc4ccc5c(=NCCCc6ccccc6)[nH]cnc5c4)CC3)ccc21,Cn1ccc2cc(NCCN3CCC(COc4ccc5c(=NCCCc6ccccc6)[nH]cnc5c4)CC3)ccc21
CHEMBL564052,0.696,N=c1[nH]cnc2c1ncn2C1OC(CSC2CCNC2)C(O)C1O,N=c1[nH]cnc2c1ncn2[C@@H]1O[C@H](CS[C@@H]2CCNC2)[C@@H](O)[C@H]1O
CHEMBL539449,0.678,N=c1[nH]cnc2c1ncn2C1OC(CSC2CNC2)C(O)C1O,N=c1[nH]cnc2c1ncn2[C@@H]1O[C@H](CSC2CNC2)[C@@H](O)[C@H]1O
CHEMBL560768,0.195,OC1C(CSC2CCNC2)OC(n2cnc3c(=NCCc4ccc(-c5ccccc5)cc4)[nH]c(Cl)nc32)C1O,O[C@@H]1[C@@H](CS[C@H]2CCNC2)O[C@@H](n2cnc3c(=NCCc4ccc(-c5ccccc5)cc4)[nH]c(Cl)nc32)[C@@H]1O
CHEMBL116438,0.722,COc1cc(C=CC(=O)CC(=O)C=Cc2ccc(O)c(OC)c2)ccc1O,COc1cc(C=CC(=O)CC(=O)C=Cc2ccc(O)c(OC)c2)ccc1O
CHEMBL479650,1.083,COc1cc(CCC(=O)CC(O)CCc2ccc(O)c(OC)c2)ccc1O,COc1cc(CCC(=O)CC(O)CCc2ccc(O)c(OC)c2)ccc1O
CHEMBL2385826,-1.026,Cc1cc(=Nc2ccc(NC(=O)c3ccc(N=c4cc[nH]c5ccc(N(C)C)cc45)cc3)cc2)[nH]c(=N)[nH]1,Cc1cc(=Nc2ccc(NC(=O)c3ccc(N=c4cc[nH]c5ccc(N(C)C)cc45)cc3)cc2)[nH]c(=N)[nH]1
CHEMBL2385834,-0.841,C[n+]1ccc(Nc2ccc(C(=O)Nc3ccc(N=c4cc[nH]c5ccccc45)cc3)cc2)cc1,C[n+]1ccc(Nc2ccc(C(=O)Nc3ccc(N=c4cc[nH]c5ccccc45)cc3)cc2)cc1
CHEMBL2178755,-0.356,O=C(CCc1c[nH]c2ccc(Br)cc12)NCCSSCCNC(=O)CCc1c[nH]c2ccc(Br)cc12,O=C(CCc1c[nH]c2ccc(Br)cc12)NCCSSCCNC(=O)CCc1c[nH]c2ccc(Br)cc12
CHEMBL2204998,-1.764,Cc1cc(C)c(CNC(=O)c2cc(-c3ccc(N4CCN(C)CC4)nc3)cc3c2cnn3C(C)C)c(=O)[nH]1,Cc1cc(C)c(CNC(=O)c2cc(-c3ccc(N4CCN(C)CC4)nc3)cc3c2cnn3C(C)C)c(=O)[nH]1
CHEMBL1975589,1.839,COC(=O)CC1OCC=C2CN3CCC45C(=Nc6c4cc(O)c(O)c6[N+](=O)[O-])C1C2CC35,COC(=O)CC1OCC=C2CN3CCC45C(=Nc6c4cc(O)c(O)c6[N+](=O)[O-])C1C2CC35
CHEMBL494668,-1.165,CCN(CC)CCCN=c1[nH]c2cc(OC)c(OC)cc2c2nc(-c3ccccc3)nn12,CCN(CC)CCCN=c1[nH]c2cc(OC)c(OC)cc2c2nc(-c3ccccc3)nn12
CHEMBL1348946,-1.727,N#Cc1c(SCC(=O)N=c2[nH]c3ccc(Br)cc3s2)sc2c(=O)cc(O)[nH]c12,N#Cc1c(SCC(=O)N=c2[nH]c3ccc(Br)cc3s2)sc2c(=O)cc(O)[nH]c12
CHEMBL1328733,-1.711,O=C1NC(=S)N(c2ccccc2)C(=O)C1=Cc1ccco1,O=C1NC(=S)N(c2ccccc2)C(=O)/C1=C/c1ccco1
CHEMBL1456035,0.161,O=C(O)C1Nc2c(Cl)cc(Cl)c(Cl)c2C2C=CCC12,O=C(O)C1Nc2c(Cl)cc(Cl)c(Cl)c2C2C=CCC12
CHEMBL1346055,-1.241,O=C(O)c1ccc(-n2cccc2CC2=NC(=O)N(c3cccc(Cl)c3)C2=O)cc1,O=C(O)c1ccc(-n2cccc2CC2=NC(=O)N(c3cccc(Cl)c3)C2=O)cc1
CHEMBL4102557,-0.407,COCn1ccc(=NCCNCCCOc2ccc3c(=NCCCc4ccccc4)[nH]cnc3c2)[nH]c1=O,COCn1ccc(=NCCNCCCOc2ccc3c(=NCCCc4ccccc4)[nH]cnc3c2)[nH]c1=O
CHEMBL4066400,-0.87,c1ccc(CCCN=c2[nH]cnc3cc(OCC4CCN(CCNc5cccc6ccccc56)CC4)ccc23)cc1,c1ccc(CCCN=c2[nH]cnc3cc(OCC4CCN(CCNc5cccc6ccccc56)CC4)ccc23)cc1
CHEMBL4101056,-0.812,N=c1[nH]cnc2cc(OCC3CCN(CCN=c4cc[nH]c5ccccc45)CC3)ccc12,N=c1[nH]cnc2cc(OCC3CCN(CCN=c4cc[nH]c5ccccc45)CC3)ccc12
CHEMBL297453,1.65,O=C(OC1Cc2c(O)cc(O)cc2OC1c1cc(O)c(O)c(O)c1)c1cc(O)c(O)c(O)c1,O=C(O[C@@H]1Cc2c(O)cc(O)cc2O[C@@H]1c1cc(O)c(O)c(O)c1)c1cc(O)c(O)c(O)c1
CHEMBL2385823,-0.881,Cc1cc(=Nc2ccc(C(=O)Nc3ccc(N=c4cc[nH]c5ccccc45)cc3)cc2)[nH]c(=N)[nH]1,Cc1cc(=Nc2ccc(C(=O)Nc3ccc(N=c4cc[nH]c5ccccc45)cc3)cc2)[nH]c(=N)[nH]1
CHEMBL2385828,-0.841,C[n+]1ccc(Nc2ccc(NC(=O)c3ccc(N=c4cc[nH]c5ccccc45)cc3)cc2)cc1,C[n+]1ccc(Nc2ccc(NC(=O)c3ccc(N=c4cc[nH]c5ccccc45)cc3)cc2)cc1
CHEMBL611994,-0.077,O=C(O)CSC(SCC(=O)O)c1ccccc1O,O=C(O)CSC(SCC(=O)O)c1ccccc1O
CHEMBL1990599,-1.508,O=C(CNC(=O)c1ccc([N+](=O)[O-])cc1)NN=Cc1ccc(OC(=O)c2ccccc2)cc1,O=C(CNC(=O)c1ccc([N+](=O)[O-])cc1)N/N=C\c1ccc(OC(=O)c2ccccc2)cc1
CHEMBL2385822,-1.026,Cc1cc(=Nc2cccc(C(=O)Nc3ccc(N=c4cc[nH]c5ccccc45)cc3)c2)[nH]c(=N)[nH]1,Cc1cc(=Nc2cccc(C(=O)Nc3ccc(N=c4cc[nH]c5ccccc45)cc3)c2)[nH]c(=N)[nH]1
CHEMBL3427577,-0.864,CCCCCCOc1ccc(-c2nnn(-c3ccc(CC(C(=O)OC)N4C(=O)C=CC4=O)cc3)n2)cc1,CCCCCCOc1ccc(-c2nnn(-c3ccc(CC(C(=O)OC)N4C(=O)C=CC4=O)cc3)n2)cc1
CHEMBL3427570,-0.974,COC(=O)C(Cc1ccc(-n2nnc(-c3ccc(C(C)C)cc3)n2)cc1)N1C(=O)C=CC1=O,COC(=O)C(Cc1ccc(-n2nnc(-c3ccc(C(C)C)cc3)n2)cc1)N1C(=O)C=CC1=O
CHEMBL3216805,-1.168,CC(=NN=C(N)N)c1cccc(C(=O)Nc2ccc(N=c3cc[nH]c4ccc(N(C)C)cc34)cc2)c1,CC(=NN=C(N)N)c1cccc(C(=O)Nc2ccc(N=c3cc[nH]c4ccc(N(C)C)cc34)cc2)c1
CHEMBL586418,0.025,O=CNC(CSC(c1ccccc1)c1ccccc1)C(=O)O,O=CNC(CSC(c1ccccc1)c1ccccc1)C(=O)O
CHEMBL2178757,-0.016,O=C(NCCSSCCNC(=O)C(Cc1c[nH]c2ccc(Br)cc12)=NO)C(Cc1c[nH]c2ccc(Br)cc12)=NO,O=C(NCCSSCCNC(=O)C(Cc1c[nH]c2ccc(Br)cc12)=NO)C(Cc1c[nH]c2ccc(Br)cc12)=NO
CHEMBL563888,0.927,N=c1[nH]cnc2c1ncn2C1OC(CSC2CCNC(C(=O)O)C2)C(O)C1O,N=c1[nH]cnc2c1ncn2[C@@H]1O[C@H](CS[C@H]2CCNC(C(=O)O)C2)[C@@H](O)[C@H]1O
CHEMBL559283,0.358,O=C(O)C1CC(SCC2OC(n3cnc4c(=NCCc5ccc(-c6ccccc6)cc5)[nH]c(Cl)nc43)C(O)C2O)CN1,O=C(O)C1C[C@H](SC[C@H]2O[C@@H](n3cnc4c(=NCCc5ccc(-c6ccccc6)cc5)[nH]c(Cl)nc43)[C@H](O)[C@@H]2O)CN1
CHEMBL4164446,-0.657,COc1cc2c(=NC3CCN(C)CC3)cc(-c3ccc(C#N)o3)[nH]c2cc1OCCCN1CCCC1,COc1cc2c(=NC3CCN(C)CC3)cc(-c3ccc(C#N)o3)[nH]c2cc1OCCCN1CCCC1
CHEMBL4159604,-0.587,COc1cc2c(=NC3CCN(C)CC3)cc(C3CCCCC3)[nH]c2cc1OCCCN1CCCC1,COc1cc2c(=NC3CCN(C)CC3)cc(C3CCCCC3)[nH]c2cc1OCCCN1CCCC1
CHEMBL4167925,-0.63,COc1cc2c(=NC3CCN(C)CC3)cc(C3CCOCC3)[nH]c2cc1OCCCN1CCCC1,COc1cc2c(=NC3CCN(C)CC3)cc(C3CCOCC3)[nH]c2cc1OCCCN1CCCC1
CHEMBL382617,-1.31,Cc1ccn2c(CCc3nnc4cc(C)ccn34)nnc2c1,Cc1ccn2c(CCc3nnc4cc(C)ccn34)nnc2c1
CHEMBL482224,2.148,C=C(Cl)C(=CBr)CCC(Br)C(C)(C)Cl,C=C(Cl)/C(=C\Br)CCC(Br)C(C)(C)Cl
CHEMBL3126650,-0.684,Cc1cc(=Nc2ccccc2NC(=O)c2ccccc2N=c2cc[nH]c3ccccc23)[nH]c(=N)[nH]1,Cc1cc(=Nc2ccccc2NC(=O)c2ccccc2N=c2cc[nH]c3ccccc23)[nH]c(=N)[nH]1
CHEMBL2047701,0.483,O=C(NCCS)C(Cc1cc(Br)c(O)c(Br)c1)=NO,O=C(NCCS)C(Cc1cc(Br)c(O)c(Br)c1)=NO
CHEMBL1172560,0.602,O=C(O)CCc1ccc(O)cc1,O=C(O)CCc1ccc(O)cc1
CHEMBL2047711,0.157,COc1ccc(CC(=NO)C(=O)NCCSSCCNC(=O)C(Cc2ccc(OC)c(OC)c2)=NO)cc1OC,COc1ccc(CC(=NO)C(=O)NCCSSCCNC(=O)C(Cc2ccc(OC)c(OC)c2)=NO)cc1OC
CHEMBL2047538,-0.114,COc1ccc(CC(=NO)C(=O)NCCSC)cc1Br,COc1ccc(CC(=NO)C(=O)NCCSC)cc1Br
CHEMBL564768,0.615,N=c1[nH]c(Cl)nc2c1ncn2C1OC(CSCCC(N)C(=O)O)C(O)C1O,N=c1[nH]c(Cl)nc2c1ncn2[C@@H]1O[C@H](CSCCC(N)C(=O)O)[C@@H](O)[C@H]1O
CHEMBL560106,0.721,N=c1[nH]c(Cl)nc2c1ncn2C1OC(CSC2CNC(C(=O)O)C2)C(O)C1O,N=c1[nH]c(Cl)nc2c1ncn2[C@@H]1O[C@H](CS[C@@H]2CNC(C(=O)O)C2)[C@@H](O)[C@H]1O
CHEMBL4078312,-0.958,O=c1c2ccc(OCC3CCN(CCN=c4cc[nH]c5ccccc45)CC3)cc2ncn1CCCc1ccccc1,O=c1c2ccc(OCC3CCN(CCN=c4cc[nH]c5ccccc45)CC3)cc2ncn1CCCc1ccccc1
CHEMBL4096752,-0.59,COc1ccc(CCN=c2[nH]cnc3cc(OCC4CCN(CCN=c5cc[nH]c6ccccc56)CC4)ccc23)cc1,COc1ccc(CCN=c2[nH]cnc3cc(OCC4CCN(CCN=c5cc[nH]c6ccccc56)CC4)ccc23)cc1
CHEMBL563570,0.557,NC(CCSCC1OC(n2cnc3cncnc32)C(O)C1O)C(=O)O,NC(CCSC[C@H]1O[C@@H](n2cnc3cncnc32)[C@H](O)[C@@H]1O)C(=O)O
CHEMBL538692,0.563,N=c1[nH]c(F)nc2c1ncn2C1OC(CSCCC(N)C(=O)O)C(O)C1O,N=c1[nH]c(F)nc2c1ncn2[C@@H]1O[C@H](CSCCC(N)C(=O)O)[C@@H](O)[C@H]1O
CHEMBL560165,0.685,COc1nc(=N)c2ncn(C3OC(CSCCC(N)C(=O)O)C(O)C3O)c2[nH]1,COc1nc(=N)c2ncn([C@@H]3O[C@H](CSCCC(N)C(=O)O)[C@@H](O)[C@H]3O)c2[nH]1
CHEMBL1414679,-1.413,CC1=C(C(=O)OC(C)C)C(c2ccc(Cl)cc2)n2c(sc(=Cc3ccc(OCC(=O)O)cc3)c2=O)=N1,CC1=C(C(=O)OC(C)C)C(c2ccc(Cl)cc2)n2c(sc(=Cc3ccc(OCC(=O)O)cc3)c2=O)=N1
CHEMBL1988862,-0.319,O=C1c2sccc2-c2cccc3cccc1c23,O=C1c2sccc2-c2cccc3cccc1c23
CHEMBL1713628,-1.739,Nc1ccc(S(=O)(=O)N=c2[nH]ccs2)cc1N=Nc1ccccc1[N+](=O)[O-],Nc1ccc(S(=O)(=O)N=c2[nH]ccs2)cc1N=Nc1ccccc1[N+](=O)[O-]
CHEMBL1412087,-1.092,CCOc1cc(C=C2C(=O)N(c3nc(-c4ccc(Br)cc4)cs3)N=C2c2ccccc2)ccc1O,CCOc1cc(C=C2C(=O)N(c3nc(-c4ccc(Br)cc4)cs3)N=C2c2ccccc2)ccc1O
CHEMBL1389315,-1.085,O=S(=O)(Nc1c(S(=O)(=O)c2ccccc2)c2nc3ccccc3nc2n1C1CCCCC1)c1ccccc1,O=S(=O)(Nc1c(S(=O)(=O)c2ccccc2)c2nc3ccccc3nc2n1C1CCCCC1)c1ccccc1
CHEMBL1333249,-1.472,Cn1c(N)c(C(=O)COC(=O)c2cc(-c3ccco3)nc3ccccc23)c(=O)n(C)c1=O,Cn1c(N)c(C(=O)COC(=O)c2cc(-c3ccco3)nc3ccccc23)c(=O)n(C)c1=O
CHEMBL1902527,0.272,ClN=C1C=CC=CC1=NCl,ClN=C1C=CC=CC1=NCl
CHEMBL1424189,-1.453,CCOC(=O)C1=C(C)N=c2sc(=Cc3ccc(OCC(=O)O)cc3)c(=O)n2C1c1ccc(Cl)cc1,CCOC(=O)C1=C(C)N=c2sc(=Cc3ccc(OCC(=O)O)cc3)c(=O)n2C1c1ccc(Cl)cc1
CHEMBL1551448,-1.878,COc1ccc(NC(=O)CN(C)C(=O)c2cc(-c3ccco3)nc3ccccc23)cc1,COc1ccc(NC(=O)CN(C)C(=O)c2cc(-c3ccco3)nc3ccccc23)cc1
CHEMBL551578,0.797,COC(=O)C1CC(SCC2OC(n3cnc4c(=N)[nH]cnc43)C(O)C2O)CN1,COC(=O)C1C[C@H](SC[C@H]2O[C@@H](n3cnc4c(=N)[nH]cnc43)[C@H](O)[C@@H]2O)CN1
CHEMBL555257,0.515,O=C(O)C1CC(SCC2OC(n3cnc4c(=NCCc5ccc(-c6ccccc6)cc5)[nH]cnc43)C(O)C2O)CN1,O=C(O)C1C[C@H](SC[C@H]2O[C@@H](n3cnc4c(=NCCc5ccc(-c6ccccc6)cc5)[nH]cnc43)[C@H](O)[C@@H]2O)CN1
CHEMBL3764578,-0.912,COc1ccc(CC2=NC(=O)N(c3ccc(Cl)cc3)C2=O)cc1,COc1ccc(CC2=NC(=O)N(c3ccc(Cl)cc3)C2=O)cc1
CHEMBL1916679,-0.158,CN1CC2ON=C(c3ccc(C(=O)O)cc3)C2C1,CN1CC2ON=C(c3ccc(C(=O)O)cc3)C2C1
CHEMBL1916673,-0.475,COc1ccc(CC2=NOC(CN(C)C)C2)cc1,COc1ccc(CC2=NOC(CN(C)C)C2)cc1
CHEMBL1916675,-0.299,CN1CC2ON=C(c3ccccc3)C2C1,CN1CC2ON=C(c3ccccc3)C2C1
CHEMBL1818031,0.13,O=C(NCCSSCCNC(=O)C(Cc1ccccc1)=NO)C(Cc1ccccc1)=NO,O=C(NCCSSCCNC(=O)C(Cc1ccccc1)=NO)C(Cc1ccccc1)=NO
CHEMBL136685,1.81,C=C(Cl)C(Cl)(CBr)CCC(Br)C(C)(C)Cl,C=C(Cl)[C@](Cl)(CBr)CC[C@@H](Br)C(C)(C)Cl
CHEMBL1368108,-0.615,C=C(C)C(=O)Nc1cccc(C2=NOC3(C2)CC(C(N)=O)N(C(=O)C(=C)C)C3)c1,C=C(C)C(=O)Nc1cccc(C2=NOC3(C2)CC(C(N)=O)N(C(=O)C(=C)C)C3)c1
CHEMBL1434555,-2.295,Cc1ccc(NC(=O)CN(C)C(=O)c2cccc(-n3cccc3)c2)cc1,Cc1ccc(NC(=O)CN(C)C(=O)c2cccc(-n3cccc3)c2)cc1
CHEMBL3623751,-1.946,CCOC(=O)c1c(N)sc(C(=O)Nc2cccc([N+](=O)[O-])c2)c1C,CCOC(=O)c1c(N)sc(C(=O)Nc2cccc([N+](=O)[O-])c2)c1C
CHEMBL3623770,-1.888,COC(=O)c1c(N)sc(C(=O)Nc2cccc([N+](=O)[O-])c2)c1C,COC(=O)c1c(N)sc(C(=O)Nc2cccc([N+](=O)[O-])c2)c1C
CHEMBL4075001,-0.434,c1ccc(CCCN=c2[nH]cnc3cc(OC4CCN(CCN=c5cc[nH]c6ccccc56)C4)ccc23)cc1,c1ccc(CCCN=c2[nH]cnc3cc(OC4CCN(CCN=c5cc[nH]c6ccccc56)C4)ccc23)cc1
CHEMBL4076088,-0.465,COc1cc2[nH]ccc(=NCCN3CCC(COc4ccc5c(=NCCCc6ccccc6)[nH]cnc5c4)CC3)c2cc1OC,COc1cc2[nH]ccc(=NCCN3CCC(COc4ccc5c(=NCCCc6ccccc6)[nH]cnc5c4)CC3)c2cc1OC
CHEMBL4066944,-0.945,CN(C)c1ccc(NCCN2CCC(COc3ccc4c(=NCCCc5ccccc5)[nH]cnc4c3)CC2)c2ccccc12,CN(C)c1ccc(NCCN2CCC(COc3ccc4c(=NCCCc5ccccc5)[nH]cnc4c3)CC2)c2ccccc12
CHEMBL353650,-1.072,COc1ccc(Cl)cc1C(=O)NCCc1ccc(OCC(=O)O)cc1,COc1ccc(Cl)cc1C(=O)NCCc1ccc(OCC(=O)O)cc1
CHEMBL2204995,-1.433,CCCc1cc(C)[nH]c(=O)c1CNC(=O)c1cc(-c2ccnc(N3CCN(C)CC3)c2)cc2c1cnn2C(C)C,CCCc1cc(C)[nH]c(=O)c1CNC(=O)c1cc(-c2ccnc(N3CCN(C)CC3)c2)cc2c1cnn2C(C)C
CHEMBL1780248,-0.211,O=C(O)C(Cc1c[nH]c2ccccc12)n1c(O)ccc1O,O=C(O)C(Cc1c[nH]c2ccccc12)n1c(O)ccc1O
CHEMBL640,-1.4,CCN(CC)CCNC(=O)c1ccc(N)cc1,CCN(CC)CCNC(=O)c1ccc(N)cc1
CHEMBL563782,0.79,N=c1[nH]cnc2c1ncn2C1OC(CSCC2CCCN2)C(O)C1O,N=c1[nH]cnc2c1ncn2[C@@H]1O[C@H](CSC[C@@H]2CCCN2)[C@@H](O)[C@H]1O
CHEMBL538693,0.671,N=c1[nH]cnc2c1ncn2C1OC(CSCCCN)C(O)C1O,N=c1[nH]cnc2c1ncn2[C@@H]1O[C@H](CSCCCN)[C@@H](O)[C@H]1O
CHEMBL538627,0.509,N=c1[nH]c(Cl)nc2c1ncn2C1OC(CSC2CCNC2)C(O)C1O,N=c1[nH]c(Cl)nc2c1ncn2[C@@H]1O[C@H](CS[C@H]2CCNC2)[C@@H](O)[C@H]1O
CHEMBL551174,0.359,OC1C(CSC2CCNC2)OC(n2cnc3c(=NCCc4ccc(-c5ccccc5)cc4)[nH]cnc32)C1O,O[C@@H]1[C@@H](CS[C@H]2CCNC2)O[C@@H](n2cnc3c(=NCCc4ccc(-c5ccccc5)cc4)[nH]cnc32)[C@@H]1O
CHEMBL3134246,-0.997,COc1ccc(Cl)cc1C(=O)Nc1ccc(CCC(=O)O)cc1,COc1ccc(Cl)cc1C(=O)Nc1ccc(CCC(=O)O)cc1
CHEMBL3134240,-0.578,COc1cccc(C(=O)NCCc2ccc(CCC(=O)O)cc2)c1,COc1cccc(C(=O)NCCc2ccc(CCC(=O)O)cc2)c1
CHEMBL4104103,-0.336,c1ccc(CCCN=c2[nH]cnc3cc(OCCCNCCN=c4cc[nH]c5ccccc45)ccc23)cc1,c1ccc(CCCN=c2[nH]cnc3cc(OCCCNCCN=c4cc[nH]c5ccccc45)ccc23)cc1
CHEMBL4082086,-0.742,c1ccc(CN2CCC(N=c3[nH]cnc4cc(OCC5CCN(CCN=c6cc[nH]c7ccccc67)CC5)ccc34)CC2)cc1,c1ccc(CN2CCC(N=c3[nH]cnc4cc(OCC5CCN(CCN=c6cc[nH]c7ccccc67)CC5)ccc34)CC2)cc1
CHEMBL597113,-0.827,O=C(O)COc1ccc(C(=O)c2cc(Br)ccc2OCC(=O)O)cc1,O=C(O)COc1ccc(C(=O)c2cc(Br)ccc2OCC(=O)O)cc1
CHEMBL3134236,-0.525,COc1ccc(Cl)cc1CNCCc1ccc(CCC(=O)O)cc1,COc1ccc(Cl)cc1CNCCc1ccc(CCC(=O)O)cc1
CHEMBL3134248,-0.658,COc1ccc(Cl)cc1C(=O)NCCc1ccc(CC(C)C(=O)O)cc1,COc1ccc(Cl)cc1C(=O)NCCc1ccc(CC(C)C(=O)O)cc1
CHEMBL3109630,-0.207,COc1cc2c(cc1OCCCN1CCCC1)N=C(N)C21CCC1,COc1cc2c(cc1OCCCN1CCCC1)N=C(N)C21CCC1
CHEMBL115145,0.132,O=C(O)c1cc(Cc2ccc(O)c(C(=O)O)c2)ccc1O,O=C(O)c1cc(Cc2ccc(O)c(C(=O)O)c2)ccc1O
CHEMBL116347,-0.041,O=C(O)c1cc(Cc2cc(Cl)c(O)c(C(=O)O)c2)cc(Cl)c1O,O=C(O)c1cc(Cc2cc(Cl)c(O)c(C(=O)O)c2)cc(Cl)c1O
CHEMBL591202,-0.337,O=C(O)CCC(NC(=O)c1c(Cl)cccc1Cl)C(=O)O,O=C(O)CCC(NC(=O)c1c(Cl)cccc1Cl)C(=O)O
CHEMBL596910,-0.789,O=C(O)CSC(=S)N1CCN(C(=S)SCC(=O)O)CC1,O=C(O)CSC(=S)N1CCN(C(=S)SCC(=O)O)CC1
CHEMBL599366,-0.862,O=CN(Cc1nc2ccccc2[nH]1)c1ccc(C(=O)O)cc1,O=CN(Cc1nc2ccccc2[nH]1)c1ccc(C(=O)O)cc1
CHEMBL591443,-0.058,CNc1ccc(C(=O)NC(CCC(=O)O)C(=O)O)cc1,CNc1ccc(C(=O)NC(CCC(=O)O)C(=O)O)cc1
CHEMBL599367,-0.128,O=C(O)CCCC(C(=O)O)N1C(=O)c2ccccc2C1=O,O=C(O)CCCC(C(=O)O)N1C(=O)c2ccccc2C1=O
CHEMBL597114,-0.048,O=C(O)CCC(=O)CCC(=O)c1ccc(O)c2ncccc12,O=C(O)CCC(=O)CCC(=O)c1ccc(O)c2ncccc12
CHEMBL590522,2.325,CC(C)=CCCC1C=Cc2c(c(C)cc3c2[nH]c2cc(O)ccc23)O1,CC(C)=CCC[C@H]1C=Cc2c(c(C)cc3c2[nH]c2cc(O)ccc23)O1
CHEMBL4205107,-0.653,COc1cc2c(=NCCO)cc(-c3ccc(C)o3)[nH]c2cc1OCCCN1CCCC1,COc1cc2c(=NCCO)cc(-c3ccc(C)o3)[nH]c2cc1OCCCN1CCCC1
CHEMBL4217332,-0.587,COc1cc2c(=NC3CCN(C)C(=O)C3)cc(-c3ccc(C)o3)[nH]c2cc1OCCCN1CCCC1,COc1cc2c(=NC3CCN(C)C(=O)C3)cc(-c3ccc(C)o3)[nH]c2cc1OCCCN1CCCC1
CHEMBL4162206,-0.749,COc1cc2c(=NC3CCN(C(C)C)CC3)cc(C3CCCCC3)[nH]c2cc1OCCCN1CCCC1,COc1cc2c(=NC3CCN(C(C)C)CC3)cc(C3CCCCC3)[nH]c2cc1OCCCN1CCCC1
CHEMBL4174724,-0.63,COc1cc2c(=NC3CCN(C)CC3)cc(-c3ccccc3)[nH]c2cc1OCCCN1CCCC1,COc1cc2c(=NC3CCN(C)CC3)cc(-c3ccccc3)[nH]c2cc1OCCCN1CCCC1
CHEMBL4175132,-0.607,COc1cc2c(=NC3CCN(C)CC3)cc(-c3ccccc3C)[nH]c2cc1OCCCN1CCCC1,COc1cc2c(=NC3CCN(C)CC3)cc(-c3ccccc3C)[nH]c2cc1OCCCN1CCCC1
CHEMBL4175084,-0.437,COc1cc2c(=NC3CCN(C)CC3)cc(-c3ccc(CO)o3)[nH]c2cc1OCCCN1CCCC1,COc1cc2c(=NC3CCN(C)CC3)cc(-c3ccc(CO)o3)[nH]c2cc1OCCCN1CCCC1
CHEMBL1546750,-1.878,Cc1cccc(OCC(=O)Nc2ccc(N3CCCC3)cc2)c1C,Cc1cccc(OCC(=O)Nc2ccc(N3CCCC3)cc2)c1C
CHEMBL1330058,-1.362,O=C(Oc1ccc(-c2nc(-c3ccccn3)no2)cc1)c1ccccc1,O=C(Oc1ccc(-c2nc(-c3ccccn3)no2)cc1)c1ccccc1
CHEMBL3109078,-0.039,O=C(O)C1C(Cc2c[nH]c3ccccc23)CCN1C(=O)c1ccccc1,O=C(O)C1[C@@H](Cc2c[nH]c3ccccc23)CCN1C(=O)c1ccccc1
CHEMBL1520133,-1.267,CN(c1ccccc1)c1ccc(C=C(CCC(=O)O)c2nc3ccccc3s2)cc1[N+](=O)[O-],CN(c1ccccc1)c1ccc(/C=C(\CCC(=O)O)c2nc3ccccc3s2)cc1[N+](=O)[O-]
CHEMBL1505688,-2.051,O=C(O)CCCCCN1C(=O)C(=Cc2cn(-c3ccccc3)nc2-c2cccs2)SC1=S,O=C(O)CCCCCN1C(=O)/C(=C\c2cn(-c3ccccc3)nc2-c2cccs2)SC1=S
CHEMBL4459587,-0.578,C=CS(=O)(=O)Nc1ccc(Cc2ccc3ccccc3c2)cc1,C=CS(=O)(=O)Nc1ccc(Cc2ccc3ccccc3c2)cc1
CHEMBL3318285,-0.678,COc1cc2[nH]c(N3CCCC3)nc(=NCCCCCN3CCCC3)c2cc1OC,COc1cc2[nH]c(N3CCCC3)nc(=NCCCCCN3CCCC3)c2cc1OC
CHEMBL4080847,-0.749,Cc1cc(=NCCN2CCC(COc3ccc4c(=NCCCc5ccccc5)[nH]cnc4c3)CC2)c2cccc(C)c2[nH]1,Cc1cc(=NCCN2CCC(COc3ccc4c(=NCCCc5ccccc5)[nH]cnc4c3)CC2)c2cccc(C)c2[nH]1
CHEMBL4074066,-0.725,Clc1ccc2c(=NCCN3CCC(COc4ccc5c(=NCCCc6ccccc6)[nH]cnc5c4)CC3)cc[nH]c2c1,Clc1ccc2c(=NCCN3CCC(COc4ccc5c(=NCCCc6ccccc6)[nH]cnc5c4)CC3)cc[nH]c2c1
CHEMBL4096360,-0.564,c1ccc(CCCN=c2[nH]cnc3cc(OCC4CCN(CCN=c5cc[nH]c6ccccc56)CC4)ccc23)cc1,c1ccc(CCCN=c2[nH]cnc3cc(OCC4CCN(CCN=c5cc[nH]c6ccccc56)CC4)ccc23)cc1
CHEMBL4070517,-0.829,Clc1cccc(CCN=c2[nH]cnc3cc(OCC4CCN(CCN=c5cc[nH]c6ccccc56)CC4)ccc23)c1,Clc1cccc(CCN=c2[nH]cnc3cc(OCC4CCN(CCN=c5cc[nH]c6ccccc56)CC4)ccc23)c1
CHEMBL4214834,-0.844,Cc1ccc(-c2cc(=NC3CCN(C)CC3)c3cc(OC(F)(F)F)c(OCCCN4CCCC4)cc3[nH]2)o1,Cc1ccc(-c2cc(=NC3CCN(C)CC3)c3cc(OC(F)(F)F)c(OCCCN4CCCC4)cc3[nH]2)o1
CHEMBL4212380,-0.766,CCc1ccc(-c2cc(=NC3CCN(C)CC3)c3cc(OC)c(OCCCN4CCOCC4)cc3[nH]2)o1,CCc1ccc(-c2cc(=NC3CCN(C)CC3)c3cc(OC)c(OCCCN4CCOCC4)cc3[nH]2)o1
CHEMBL4216593,-0.086,COc1cc2c(=NC3CC4(CCN(C(C)C)CC4)C3)cc(-c3ccc(C)o3)[nH]c2cc1OC1CC2(C1)CN(C)C2,COc1cc2c(=NC3CC4(CCN(C(C)C)CC4)C3)cc(-c3ccc(C)o3)[nH]c2cc1OC1CC2(C1)CN(C)C2
CHEMBL4212905,-0.619,CCc1ccc(-c2cc(=NCC3CCN(C)CC3)c3cc(OC)c(OCCCN4CCCC4)cc3[nH]2)o1,CCc1ccc(-c2cc(=NCC3CCN(C)CC3)c3cc(OC)c(OCCCN4CCCC4)cc3[nH]2)o1
CHEMBL3263626,0.897,N=c1[nH]cnc2c1ncn2C1OC(CC(N)CC2CCCCC2)C(O)C1O,N=c1[nH]cnc2c1ncn2[C@@H]1O[C@H](CC(N)CC2CCCCC2)[C@@H](O)[C@H]1O
CHEMBL1818032,0.023,O=C(NCCSSCCNC(=O)C(Cc1ccc(O)c(F)c1)=NO)C(Cc1ccc(O)c(F)c1)=NO,O=C(NCCSSCCNC(=O)C(Cc1ccc(O)c(F)c1)=NO)C(Cc1ccc(O)c(F)c1)=NO
CHEMBL4216144,-0.464,COc1cc2c(=NC3CC4(CCN(C)C4)C3)cc(-c3ccc(C)o3)[nH]c2cc1OCCCN1CCCC1,COc1cc2c(=NC3CC4(CCN(C)C4)C3)cc(-c3ccc(C)o3)[nH]c2cc1OCCCN1CCCC1
CHEMBL4208812,-0.39,COc1cc2c(=NC3CCC34CCN(C)CC4)cc(-c3ccc(C)o3)[nH]c2cc1OCCCN1CCCC1,COc1cc2c(=NC3CCC34CCN(C)CC4)cc(-c3ccc(C)o3)[nH]c2cc1OCCCN1CCCC1
CHEMBL4649221,-1.582,Cc1ccc2c(n1)N(CC(=O)Nc1ccc3c(c1)OCO3)CC(c1nc(-c3cccc(F)c3)no1)C2=O,Cc1ccc2c(n1)N(CC(=O)Nc1ccc3c(c1)OCO3)CC(c1nc(-c3cccc(F)c3)no1)C2=O
CHEMBL4641323,-1.587,Cc1nccc(-c2cccc(NS(=O)(=O)c3cc(C(=O)O)cc(C)c3C)c2)n1,Cc1nccc(-c2cccc(NS(=O)(=O)c3cc(C(=O)O)cc(C)c3C)c2)n1
CHEMBL4217087,-1.156,COc1cc2c(N(C)C3CCN(C)CC3)cc(-c3ccc(C)o3)nc2cc1OCCCN1CCCC1,COc1cc2c(N(C)C3CCN(C)CC3)cc(-c3ccc(C)o3)nc2cc1OCCCN1CCCC1
CHEMBL4211622,-0.649,COc1cc2c(=NC3CC3)cc(-c3ccc(C)o3)[nH]c2cc1OCCCN1CCCC1,COc1cc2c(=NC3CC3)cc(-c3ccc(C)o3)[nH]c2cc1OCCCN1CCCC1
CHEMBL4216799,-0.629,COc1cc2c(=NC3CCCC3)cc(-c3ccc(C)o3)[nH]c2cc1OCCCN1CCCC1,COc1cc2c(=NC3CCCC3)cc(-c3ccc(C)o3)[nH]c2cc1OCCCN1CCCC1
CHEMBL4210910,-0.1,COc1cc2c(=NC3CCN(C)CC3)cc(-c3ccc(C)o3)[nH]c2cc1OC1CC2(C1)CN(C1CC1)C2,COc1cc2c(=NC3CCN(C)CC3)cc(-c3ccc(C)o3)[nH]c2cc1OC1CC2(C1)CN(C1CC1)C2
CHEMBL4212375,-0.85,CNC(=O)CCN=c1cc(-c2ccc(C)o2)[nH]c2cc(OCCCN3CCCC3)c(OC)cc12,CNC(=O)CCN=c1cc(-c2ccc(C)o2)[nH]c2cc(OCCCN3CCCC3)c(OC)cc12
CHEMBL4212218,-0.356,COc1cc2c(=NC3CCC34CCN(C)C4)cc(-c3ccc(C)o3)[nH]c2cc1OCCCN1CCCC1,COc1cc2c(=NC3CCC34CCN(C)C4)cc(-c3ccc(C)o3)[nH]c2cc1OCCCN1CCCC1
CHEMBL3134241,-0.785,O=C(O)CCc1ccc(CCNC(=O)c2ccc([N+](=O)[O-])cc2)cc1,O=C(O)CCc1ccc(CCNC(=O)c2ccc([N+](=O)[O-])cc2)cc1
CHEMBL3134238,-0.939,O=C(O)CCc1ccc(CCNC(=O)c2ccccc2F)cc1,O=C(O)CCc1ccc(CCNC(=O)c2ccccc2F)cc1
CHEMBL3126649,-0.935,Cc1cc(=Nc2cccc(NC(=O)c3ccccc3N=c3cc[nH]c4ccccc34)c2)[nH]c(=N)[nH]1,Cc1cc(=Nc2cccc(NC(=O)c3ccccc3N=c3cc[nH]c4ccccc34)c2)[nH]c(=N)[nH]1
CHEMBL2349526,0.623,N=c1[nH]cnc2c1c(Br)cn2C1OC(CSCCC(N)C(=O)O)C(O)C1O,N=c1[nH]cnc2c1c(Br)cn2[C@@H]1O[C@H](CSCCC(N)C(=O)O)[C@@H](O)[C@H]1O
CHEMBL4207331,-0.45,COc1cc2c(=NC3C4CCC3CN(C)C4)cc(-c3ccc(C)o3)[nH]c2cc1OCCCN1CCCC1,COc1cc2c(=NC3C4CCC3CN(C)C4)cc(-c3ccc(C)o3)[nH]c2cc1OCCCN1CCCC1
CHEMBL4208425,-0.035,COc1cc2c(=NCC3CCN(C)CC3)cc(-c3ccc(C)o3)[nH]c2cc1OC1CC2(C1)CN(C)C2,COc1cc2c(=NCC3CCN(C)CC3)cc(-c3ccc(C)o3)[nH]c2cc1OC1CC2(C1)CN(C)C2
CHEMBL4170228,-0.87,COc1cc2c(=NC3CCN(C)CC3)[nH]c(-c3ccc(C)o3)nc2cc1OCCCN1CCCC1,COc1cc2c(=NC3CCN(C)CC3)[nH]c(-c3ccc(C)o3)nc2cc1OCCCN1CCCC1
CHEMBL4159597,-0.838,COc1cc2c(=NC3CCN(C)CC3)cc(-c3ccc(C)s3)[nH]c2cc1OCCCN1CCCC1,COc1cc2c(=NC3CCN(C)CC3)cc(-c3ccc(C)s3)[nH]c2cc1OCCCN1CCCC1
CHEMBL4162911,-0.722,COc1cc2c(=NC3CCN(C4CC4)CC3)cc(-c3ccc(C)o3)[nH]c2cc1OCCCN1CCCC1,COc1cc2c(=NC3CCN(C4CC4)CC3)cc(-c3ccc(C)o3)[nH]c2cc1OCCCN1CCCC1
CHEMBL1916671,-0.532,CN(C)CC1CC(Cc2ccccc2)=NO1,CN(C)CC1CC(Cc2ccccc2)=NO1
CHEMBL563803,0.72,N=c1[nH]cnc2c1ncn2C1OC(CSC2CNC(C(N)=O)C2)C(O)C1O,N=c1[nH]cnc2c1ncn2[C@@H]1O[C@H](CS[C@@H]2CNC(C(N)=O)C2)[C@@H](O)[C@H]1O
CHEMBL3109079,-0.373,O=C(O)C1C(Cc2c[nH]c3ccccc23)CCN1Sc1ccc([N+](=O)[O-])cc1[N+](=O)[O-],O=C(O)C1[C@H](Cc2c[nH]c3ccccc23)CCN1Sc1ccc([N+](=O)[O-])cc1[N+](=O)[O-]
CHEMBL3109085,-0.718,O=C(O)C(Cc1c[nH]c2ccccc12)NSc1ccc([N+](=O)[O-])cc1[N+](=O)[O-],O=C(O)C(Cc1c[nH]c2ccccc12)NSc1ccc([N+](=O)[O-])cc1[N+](=O)[O-]
CHEMBL3134231,-0.706,COc1ccc(Cl)cc1C(=O)NCCc1cccc(CCC(=O)O)c1,COc1ccc(Cl)cc1C(=O)NCCc1cccc(CCC(=O)O)c1
CHEMBL166750,-1.16,COc1ccc(Cl)cc1C(=O)NCCc1ccccc1,COc1ccc(Cl)cc1C(=O)NCCc1ccccc1
CHEMBL3134232,-0.668,COc1ccc(Cl)cc1C(=O)NCCc1ccc(CCCO)cc1,COc1ccc(Cl)cc1C(=O)NCCc1ccc(CCCO)cc1
CHEMBL3134237,-0.805,O=C(O)CCc1ccc(CCNC(=O)c2cccc(Cl)c2)cc1,O=C(O)CCc1ccc(CCNC(=O)c2cccc(Cl)c2)cc1
CHEMBL563938,0.646,N=c1[nH]cnc2c1ncn2C1OC(CSCCN)C(O)C1O,N=c1[nH]cnc2c1ncn2[C@@H]1O[C@H](CSCCN)[C@@H](O)[C@H]1O
CHEMBL2047543,-0.448,CON=C(Cc1ccc(OC)c(Br)c1)C(=O)NCCSC,CON=C(Cc1ccc(OC)c(Br)c1)C(=O)NCCSC
CHEMBL563024,0.572,NC(CCSCC1OC(n2cnc3c(=NCCc4ccccc4)[nH]cnc32)C(O)C1O)C(=O)O,NC(CCSC[C@H]1O[C@@H](n2cnc3c(=NCCc4ccccc4)[nH]cnc32)[C@H](O)[C@@H]1O)C(=O)O
CHEMBL560505,0.526,COc1cc(CN=c2[nH]cnc3c2ncn3C2OC(CSCCC(N)C(=O)O)C(O)C2O)cc(OC)c1,COc1cc(CN=c2[nH]cnc3c2ncn3[C@@H]2O[C@H](CSCCC(N)C(=O)O)[C@@H](O)[C@H]2O)cc(OC)c1
CHEMBL3126644,-0.873,Cc1cc(=Nc2ccccc2NC(=O)c2ccc(N=c3cc[nH]c4ccccc34)cc2)[nH]c(=N)[nH]1,Cc1cc(=Nc2ccccc2NC(=O)c2ccc(N=c3cc[nH]c4ccccc34)cc2)[nH]c(=N)[nH]1
CHEMBL2047696,0.434,COc1cc(CC(=NO)C(=O)NCCS)cc(Br)c1OC,COc1cc(CC(=NO)C(=O)NCCS)cc(Br)c1OC
CHEMBL3126647,-0.933,Cc1cc(=Nc2ccccc2NC(=O)c2cccc(N=c3cc[nH]c4ccccc34)c2)[nH]c(=N)[nH]1,Cc1cc(=Nc2ccccc2NC(=O)c2cccc(N=c3cc[nH]c4ccccc34)c2)[nH]c(=N)[nH]1
CHEMBL3134234,-0.747,COc1ccc(Cl)cc1C(=O)NC(Cc1ccc(OCC(=O)O)cc1)C(=O)O,COc1ccc(Cl)cc1C(=O)NC(Cc1ccc(OCC(=O)O)cc1)C(=O)O
CHEMBL3134253,-1.138,COc1ccc(Cl)cc1C(=O)NCCc1ccc(CCC(=O)N(C)C)cc1,COc1ccc(Cl)cc1C(=O)NCCc1ccc(CCC(=O)N(C)C)cc1
CHEMBL3134252,-1.064,CNC(=O)CCc1ccc(CCNC(=O)c2cc(Cl)ccc2OC)cc1,CNC(=O)CCc1ccc(CCNC(=O)c2cc(Cl)ccc2OC)cc1
CHEMBL3134233,-0.853,COc1ccc(Cl)cc1C(=O)NCCc1ccc(CC(=O)O)cc1,COc1ccc(Cl)cc1C(=O)NCCc1ccc(CC(=O)O)cc1
CHEMBL1916676,-0.789,CN1CC2ON=C(c3ccc([N+](=O)[O-])cc3)C2C1,CN1CC2ON=C(c3ccc([N+](=O)[O-])cc3)C2C1
CHEMBL1916670,-0.421,CN(C)CC1CC(c2ccc(O)cc2)=NO1,CN(C)CC1CC(c2ccc(O)cc2)=NO1
CHEMBL1916677,-0.249,COc1ccc(C2=NOC3CN(C)CC23)cc1,COc1ccc(C2=NOC3CN(C)CC23)cc1
CHEMBL4461581,-0.672,COc1ccc(CCN2CCC(N=c3[nH]c(=NCc4ccc(F)cc4)[nH]c4cc(OC)c(OC)cc34)CC2)cc1,COc1ccc(CCN2CCC(N=c3[nH]c(=NCc4ccc(F)cc4)[nH]c4cc(OC)c(OC)cc34)CC2)cc1
CHEMBL4450778,-0.838,COc1cc2c(=NCCNc3cccc4ccccc34)[nH]c(N3CCN(c4ccccc4)CC3)nc2cc1OCc1ccccc1,COc1cc2c(=NCCNc3cccc4ccccc34)[nH]c(N3CCN(c4ccccc4)CC3)nc2cc1OCc1ccccc1
CHEMBL4547807,-1.002,c1ccc(COc2ccc3c(=NC4CCN(Cc5ccccc5)CC4)[nH]c(N4CCN(c5ccccc5)CC4)nc3c2)cc1,c1ccc(COc2ccc3c(=NC4CCN(Cc5ccccc5)CC4)[nH]c(N4CCN(c5ccccc5)CC4)nc3c2)cc1
CHEMBL1320181,-1.035,CCOc1cc(C=C(C#N)C(=O)Nc2cccc(C(=O)O)c2)ccc1OCc1ccc(Br)cc1,CCOc1cc(/C=C(\C#N)C(=O)Nc2cccc(C(=O)O)c2)ccc1OCc1ccc(Br)cc1
CHEMBL1315592,-1.542,COC(=O)C1CCN(C(=O)c2cc(-c3ccco3)nc3ccccc23)CC1,COC(=O)C1CCN(C(=O)c2cc(-c3ccco3)nc3ccccc23)CC1
CHEMBL1371301,-2.092,CCN(CC)c1ccc(NC(=O)CCS(=O)(=O)c2ccc(Br)cc2)c(C)c1,CCN(CC)c1ccc(NC(=O)CCS(=O)(=O)c2ccc(Br)cc2)c(C)c1
CHEMBL1485960,-1.951,CCOc1cccc(N2C(=O)C(=Cc3ccco3)C(=O)NC2=S)c1,CCOc1cccc(N2C(=O)/C(=C/c3ccco3)C(=O)NC2=S)c1
CHEMBL1558192,-1.503,O=C(O)C(c1ccccc1)N1C(=O)C(=Cc2ccc(-c3ccccc3Cl)o2)SC1=S,O=C(O)C(c1ccccc1)N1C(=O)/C(=C\c2ccc(-c3ccccc3Cl)o2)SC1=S
CHEMBL1490332,-1.182,CCN(CC)CCn1nc2c3c(cccc3c1=O)-c1ccccc1-2,CCN(CC)CCn1nc2c3c(cccc3c1=O)-c1ccccc1-2
CHEMBL1444349,-0.806,O=C1NC(=S)N=C1Cc1cc2c(cc1[N+](=O)[O-])OCO2,O=C1NC(=S)N=C1Cc1cc2c(cc1[N+](=O)[O-])OCO2
CHEMBL1471220,-2.432,O=C(COC(=O)c1cc2c(s1)CCC2)Nc1ccc(F)cc1,O=C(COC(=O)c1cc2c(s1)CCC2)Nc1ccc(F)cc1
CHEMBL1302528,-1.708,O=C(CN1C(=O)SC(=Cc2ccc(-c3cc(C(=O)O)ccc3Cl)o2)C1=O)Nc1ccc2c(c1)OCO2,O=C(CN1C(=O)S/C(=C\c2ccc(-c3cc(C(=O)O)ccc3Cl)o2)C1=O)Nc1ccc2c(c1)OCO2
CHEMBL1863716,-1.945,Cc1ccc(-c2nn(-c3ccccc3)cc2C=C2SC(=S)N(CCS(=O)(=O)O)C2=O)cc1,Cc1ccc(-c2nn(-c3ccccc3)cc2C=C2SC(=S)N(CCS(=O)(=O)O)C2=O)cc1
CHEMBL1967028,-1.236,CCc1ccc(C(C)=NNC(=O)C=NC(=O)CCc2ccco2)cc1,CCc1ccc(C(C)=NNC(=O)C=NC(=O)CCc2ccco2)cc1
CHEMBL1606403,-0.862,C=CCOC(=O)c1cc(-c2ccc(C=c3c(=O)[nH]c(O)c(C#N)c3=C)o2)ccc1Cl,C=CCOC(=O)c1cc(-c2ccc(/C=c3\c(=O)[nH]c(O)c(C#N)c3=C)o2)ccc1Cl
CHEMBL1439640,-1.892,COc1ccc(Cc2n[nH]c(=NC(=O)Cc3cccs3)s2)cc1,COc1ccc(Cc2n[nH]c(=NC(=O)Cc3cccs3)s2)cc1
CHEMBL3427580,-1.164,COC(=O)C(Cc1ccc(-n2nnc(-c3ccc(C(F)(F)F)cc3)n2)cc1)N1C(=O)C=CC1=O,COC(=O)C(Cc1ccc(-n2nnc(-c3ccc(C(F)(F)F)cc3)n2)cc1)N1C(=O)C=CC1=O
CHEMBL3427576,-1.114,COC(=O)C(Cc1ccc(-n2nnc(-c3cc(F)cc(F)c3)n2)cc1)N1C(=O)C=CC1=O,COC(=O)C(Cc1ccc(-n2nnc(-c3cc(F)cc(F)c3)n2)cc1)N1C(=O)C=CC1=O
CHEMBL3427574,-1.142,COC(=O)C(Cc1ccc(-n2nnc(-c3ccc(N(C)C)cc3)n2)cc1)N1C(=O)C=CC1=O,COC(=O)C(Cc1ccc(-n2nnc(-c3ccc(N(C)C)cc3)n2)cc1)N1C(=O)C=CC1=O
CHEMBL551499,0.596,N=c1[nH]cnc2c1ncn2C1OC(CSC2CCCNC2)C(O)C1O,N=c1[nH]cnc2c1ncn2[C@@H]1O[C@H](CS[C@H]2CCCNC2)[C@@H](O)[C@H]1O
CHEMBL555352,0.438,NC(CCSCC1OC(n2cnc3c(=NCCc4ccc(-c5ccccc5)cc4)[nH]cnc32)C(O)C1O)C(=O)O,NC(CCSC[C@H]1O[C@@H](n2cnc3c(=NCCc4ccc(-c5ccccc5)cc4)[nH]cnc32)[C@H](O)[C@@H]1O)C(=O)O
CHEMBL1548829,0.406,COC(=O)C(C(C)=O)=C(C=CC=CC=CN(C)C)N(C)C,COC(=O)/C(C(C)=O)=C(\C=C\C=C\C=C\N(C)C)N(C)C
CHEMBL560306,0.502,NC(CCSCC1OC(n2cnc3c(=NCc4ccncc4)[nH]cnc32)C(O)C1O)C(=O)O,NC(CCSC[C@H]1O[C@@H](n2cnc3c(=NCc4ccncc4)[nH]cnc32)[C@H](O)[C@@H]1O)C(=O)O
CHEMBL2178763,-0.078,O=C(NCCSSCCNC(=O)C(Cc1c[nH]c2ccc(OCc3ccccc3)cc12)=NO)C(Cc1c[nH]c2ccc(OCc3ccccc3)cc12)=NO,O=C(NCCSSCCNC(=O)C(Cc1c[nH]c2ccc(OCc3ccccc3)cc12)=NO)C(Cc1c[nH]c2ccc(OCc3ccccc3)cc12)=NO
CHEMBL1916685,0.06,CN1CC2ON=C(Cc3ccc(N)cc3)C2C1,CN1CC2ON=C(Cc3ccc(N)cc3)C2C1
CHEMBL1916681,0.15,CN1CC2ON=C(c3ccc(O)cc3)C2C1,CN1CC2ON=C(c3ccc(O)cc3)C2C1
CHEMBL1916516,-0.908,CN(C)CC1CC(c2ccccc2)=NO1,CN(C)CC1CC(c2ccccc2)=NO1
CHEMBL1458444,-2.336,NS(=O)(=O)c1ccc(NC(=O)COC(=O)c2ccc([N+](=O)[O-])s2)cc1,NS(=O)(=O)c1ccc(NC(=O)COC(=O)c2ccc([N+](=O)[O-])s2)cc1
CHEMBL1529334,-1.317,C=c1c(=Cc2c(O)[nH]c(=O)n(-c3ccc(C)cc3)c2=O)cc(C)n1-c1sc2c(c1C#N)CCCC2,C=c1c(=Cc2c(O)[nH]c(=O)n(-c3ccc(C)cc3)c2=O)cc(C)n1-c1sc2c(c1C#N)CCCC2
CHEMBL1386849,-1.636,Cc1ccc(C(=O)Nn2cc(O)c(-c3nc(-c4cccc([N+](=O)[O-])c4)cs3)c2N)cc1,Cc1ccc(C(=O)Nn2cc(O)c(-c3nc(-c4cccc([N+](=O)[O-])c4)cs3)c2N)cc1
CHEMBL599013,-1.618,O=C(O)c1ccccc1C=NNC(=O)c1cc(-c2ccco2)nc2ccccc12,O=C(O)c1ccccc1/C=N/NC(=O)c1cc(-c2ccco2)nc2ccccc12
CHEMBL1730022,-0.064,Cn1c2ccccc2c2c(=O)oc3ccccc3c21,Cn1c2ccccc2c2c(=O)oc3ccccc3c21
CHEMBL1706577,-2.181,O=C(NN=Cc1cccc(F)c1)c1cc(-c2ccco2)nc2ccccc12,O=C(N/N=C/c1cccc(F)c1)c1cc(-c2ccco2)nc2ccccc12
CHEMBL1511981,-1.941,CSc1ccc(C=NNc2ccc(S(=O)(=O)Nc3ccccc3C(=O)O)cc2[N+](=O)[O-])cc1,CSc1ccc(C=NNc2ccc(S(=O)(=O)Nc3ccccc3C(=O)O)cc2[N+](=O)[O-])cc1
CHEMBL602400,-1.114,CCN(CC)CCN=c1[nH]c2cc(OC)c(OC)cc2c2nc(-c3ccccc3)nn12,CCN(CC)CCN=c1[nH]c2cc(OC)c(OC)cc2c2nc(-c3ccccc3)nn12
CHEMBL1875722,-0.504,COc1ccc(Oc2c(OC)cc(NCc3ccc(CN)cc3)c3ncccc23)cc1,COc1ccc(Oc2c(OC)cc(NCc3ccc(CN)cc3)c3ncccc23)cc1
CHEMBL1381264,-2.102,CCS(=O)(=O)C1=NN2C(=N)C(=Cc3ccc(SCc4ccco4)o3)C(=O)N=C2S1,CCS(=O)(=O)C1=NN2C(=N)/C(=C\c3ccc(SCc4ccco4)o3)C(=O)N=C2S1
CHEMBL1411344,-1.183,O=C1NC(=S)NC(=O)C1=Cc1cccn1-c1ccc(O)cc1,O=C1NC(=S)NC(=O)C1=Cc1cccn1-c1ccc(O)cc1
CHEMBL1438370,-1.981,Cc1c2cnn(CC(=O)Nc3c(F)c(F)cc(F)c3F)c(=O)c2c(C)n1Cc1ccccc1F,Cc1c2cnn(CC(=O)Nc3c(F)c(F)cc(F)c3F)c(=O)c2c(C)n1Cc1ccccc1F
CHEMBL1321933,-1.845,O=C(N=c1[nH]nc(-c2ccncc2)s1)Nc1ccc(Cl)c(Cl)c1,O=C(N=c1[nH]nc(-c2ccncc2)s1)Nc1ccc(Cl)c(Cl)c1
CHEMBL1315784,-0.123,O=S(=O)(c1cc(O)ccc1O)c1cccc2c(S(=O)(=O)c3cc(O)ccc3O)cccc12,O=S(=O)(c1cc(O)ccc1O)c1cccc2c(S(=O)(=O)c3cc(O)ccc3O)cccc12
CHEMBL4170114,-0.691,COc1cc2c(=NC3CCN(C)CC3)cc(-c3ccc(C)o3)[nH]c2cc1OCCCN1CCCC1,COc1cc2c(=NC3CCN(C)CC3)cc(-c3ccc(C)o3)[nH]c2cc1OCCCN1CCCC1
CHEMBL4166822,-0.735,COc1cc2c(=NC3CCN(C)CC3)cc(C(F)(F)F)[nH]c2cc1OCCCN1CCCC1,COc1cc2c(=NC3CCN(C)CC3)cc(C(F)(F)F)[nH]c2cc1OCCCN1CCCC1
CHEMBL2385824,-1.038,Cc1cc(=Nc2ccc(NC(=O)c3ccc(N=c4cc[nH]c5ccc(Cl)cc45)cc3)cc2)[nH]c(=N)[nH]1,Cc1cc(=Nc2ccc(NC(=O)c3ccc(N=c4cc[nH]c5ccc(Cl)cc45)cc3)cc2)[nH]c(=N)[nH]1
CHEMBL606454,-0.17,COc1ccc2c(c1)[nH]c1c(C)c(OCc3ccccc3)ccc12,COc1ccc2c(c1)[nH]c1c(C)c(OCc3ccccc3)ccc12
CHEMBL2047692,-0.38,O=C(NCCS)C(Cc1ccc(F)c(Br)c1)=NO,O=C(NCCS)C(Cc1ccc(F)c(Br)c1)=NO
CHEMBL3109089,-0.593,O=C(CN1C(=O)c2ccccc2C1=O)NC(Cc1c[nH]c2ccccc12)C(=O)O,O=C(CN1C(=O)c2ccccc2C1=O)NC(Cc1c[nH]c2ccccc12)C(=O)O
CHEMBL3109081,-0.451,O=C(O)C(Cc1cc(=O)[nH]c2ccccc12)N1C(=O)c2ccccc2C1=O,O=C(O)C(Cc1cc(=O)[nH]c2ccccc12)N1C(=O)c2ccccc2C1=O
CHEMBL1331094,-0.471,O=C(O)C(Cc1ccccc1)N1C(=O)c2ccccc2C1=O,O=C(O)C(Cc1ccccc1)N1C(=O)c2ccccc2C1=O
CHEMBL1355217,-0.449,O=C(O)C(Cc1c[nH]cn1)N1C(=O)c2ccccc2C1=O,O=C(O)C(Cc1c[nH]cn1)N1C(=O)c2ccccc2C1=O
CHEMBL2047710,0.195,COc1cc(CC(=NO)C(=O)NCCSSCCNC(=O)C(Cc2cc(I)c(OC)c(OC)c2)=NO)cc(I)c1OC,COc1cc(CC(=NO)C(=O)NCCSSCCNC(=O)C(Cc2cc(I)c(OC)c(OC)c2)=NO)cc(I)c1OC
CHEMBL2047539,0.114,COc1ccc(CC(=NO)C(=O)NCCSSCCNC(=O)C(Cc2ccc(OC)c(Br)c2)=NO)cc1Br,COc1ccc(CC(=NO)C(=O)NCCSSCCNC(=O)C(Cc2ccc(OC)c(Br)c2)=NO)cc1Br
CHEMBL2047691,0.103,COc1ccc(CC(=NO)C(=O)NCCS)cc1I,COc1ccc(CC(=NO)C(=O)NCCS)cc1I
CHEMBL2047700,-0.508,O=C(NCCS)C(Cc1cc(Br)cc([N+](=O)[O-])c1)=NO,O=C(NCCS)C(Cc1cc(Br)cc([N+](=O)[O-])c1)=NO
CHEMBL1533351,-1.116,C=c1c(=Cc2c(O)[nH]c(=S)[nH]c2=O)cc(C)n1-c1sc2c(c1C(=O)OCC)CCCC2,C=c1c(=Cc2c(O)[nH]c(=S)[nH]c2=O)cc(C)n1-c1sc2c(c1C(=O)OCC)CCCC2
CHEMBL1358848,-1.008,O=C(c1ccc(=O)oc1)N1CCOCC1,O=C(c1ccc(=O)oc1)N1CCOCC1
CHEMBL1372387,-1.384,O=C(O)CSc1cc(C(=O)c2ccccc2O)cn2c(=O)c3c4c(sc3nc12)CCCC4,O=C(O)CSc1cc(C(=O)c2ccccc2O)cn2c(=O)c3c4c(sc3nc12)CCCC4
CHEMBL1434750,-1.688,O=C(O)CN1C(=O)C(=Cc2cc(Br)ccc2OCc2ccc(Cl)cc2)SC1=S,O=C(O)CN1C(=O)/C(=C\c2cc(Br)ccc2OCc2ccc(Cl)cc2)SC1=S
CHEMBL1481077,-0.78,Cc1ccc(C(=O)O)cc1-c1ccc(CC2=NC(=O)N(c3ccccc3)C2=O)o1,Cc1ccc(C(=O)O)cc1-c1ccc(CC2=NC(=O)N(c3ccccc3)C2=O)o1
CHEMBL212414,-1.469,Cc1ccc(NC(=O)CN2C(=O)N=C(Cc3cccn3-c3cccc(C(=O)O)c3)C2=O)cc1,Cc1ccc(NC(=O)CN2C(=O)N=C(Cc3cccn3-c3cccc(C(=O)O)c3)C2=O)cc1
CHEMBL1308055,-2.214,Cc1ccc(-n2cccc2C=C2C(=N)N3C(=NC2=O)SN=C3S(C)(=O)=O)cc1Cl,Cc1ccc(-n2cccc2/C=C2/C(=N)N3C(=NC2=O)SN=C3S(C)(=O)=O)cc1Cl
CHEMBL1520297,-0.904,Cc1cc[n+](CC(=O)c2cccc([N+](=O)[O-])c2)c2ccccc12,Cc1cc[n+](CC(=O)c2cccc([N+](=O)[O-])c2)c2ccccc12
CHEMBL1360585,-0.307,C=C(C)C(=O)Nc1cccc(C2=NOC3(C2)CC(C(N)=O)N(C(=O)C(C)=CC)C3)c1,C=C(C)C(=O)Nc1cccc(C2=NOC3(C2)CC(C(N)=O)N(C(=O)C(C)=CC)C3)c1
CHEMBL1361920,-1.057,C=c1c(=Cc2c(O)[nH]c(=O)n(Cc3ccccc3)c2=O)cc(C)n1-c1ccc(Cl)c(C(=O)O)c1,C=c1c(=Cc2c(O)[nH]c(=O)n(Cc3ccccc3)c2=O)cc(C)n1-c1ccc(Cl)c(C(=O)O)c1
CHEMBL2178770,-0.048,O=C(NCCCCSSCCCCNC(=O)C(Cc1c[nH]c2ccc(Br)cc12)=NO)C(Cc1c[nH]c2ccc(Br)cc12)=NO,O=C(NCCCCSSCCCCNC(=O)C(Cc1c[nH]c2ccc(Br)cc12)=NO)C(Cc1c[nH]c2ccc(Br)cc12)=NO
CHEMBL3427579,-1.309,COC(=O)C(Cc1ccc(-n2nnc(-c3ccc(OC(F)F)cc3)n2)cc1)N1C(=O)C=CC1=O,COC(=O)C(Cc1ccc(-n2nnc(-c3ccc(OC(F)F)cc3)n2)cc1)N1C(=O)C=CC1=O
CHEMBL3427573,-0.965,COC(=O)C(Cc1ccc(-n2nnc(-c3ccc(OC)cc3)n2)cc1)N1C(=O)C=CC1=O,COC(=O)C(Cc1ccc(-n2nnc(-c3ccc(OC)cc3)n2)cc1)N1C(=O)C=CC1=O
CHEMBL4588672,-1.949,COc1cc(C#N)ccc1OCc1nnc(-c2ccc(F)cc2)o1,COc1cc(C#N)ccc1OCc1nnc(-c2ccc(F)cc2)o1
CHEMBL3126648,-0.896,Cc1cc(=Nc2ccc(NC(=O)c3ccccc3N=c3cc[nH]c4ccccc34)cc2)[nH]c(=N)[nH]1,Cc1cc(=Nc2ccc(NC(=O)c3ccccc3N=c3cc[nH]c4ccccc34)cc2)[nH]c(=N)[nH]1
CHEMBL4094513,-1.188,CN(CCN)Cc1ccccc1Sc1ccccc1Cl,CN(CCN)Cc1ccccc1Sc1ccccc1Cl
CHEMBL3086767,-0.861,CCOC(=O)NCCCC(=O)NCCc1ccccc1,CCOC(=O)NCCCC(=O)NCCc1ccccc1
CHEMBL560045,0.592,Cc1nc(=N)c2ncn(C3OC(CSCCC(N)C(=O)O)C(O)C3O)c2[nH]1,Cc1nc(=N)c2ncn([C@@H]3O[C@H](CSCCC(N)C(=O)O)[C@@H](O)[C@H]3O)c2[nH]1
CHEMBL4282866,-1.854,CCN(CC)S(=O)(=O)c1ccc(C=Cc2nc3ccccc3s2)cc1,CCN(CC)S(=O)(=O)c1ccc(/C=C/c2nc3ccccc3s2)cc1
CHEMBL3109090,-0.246,O=C(O)C1C(Cc2c[nH]c3ccccc23)CCN1C(=O)CN1C(=O)c2ccccc2C1=O,O=C(O)C1[C@H](Cc2c[nH]c3ccccc23)CCN1C(=O)CN1C(=O)c2ccccc2C1=O
CHEMBL3263624,1.186,CCCCCC1OC(n2cnc3c(=N)[nH]cnc32)C(O)C1O,CCCCC[C@H]1O[C@@H](n2cnc3c(=N)[nH]cnc32)[C@H](O)[C@@H]1O
CHEMBL3414632,1.229,CC(=O)NC=Cc1ccc(O)c(-c2cc3c(O)c4c(C(=O)O)c(C(=O)O)c(O)cc4c(O)c3c(O)c2O)c1,CC(=O)NC=Cc1ccc(O)c(-c2cc3c(O)c4c(C(=O)O)c(C(=O)O)c(O)cc4c(O)c3c(O)c2O)c1
CHEMBL4070099,-0.998,c1ccc(CCCN=c2[nH]cnc3cc(OCC4CCN(CCNc5cnc6ccccc6c5)CC4)ccc23)cc1,c1ccc(CCCN=c2[nH]cnc3cc(OCC4CCN(CCNc5cnc6ccccc6c5)CC4)ccc23)cc1
CHEMBL3763382,-0.527,Cc1ccc(N2C(=O)N=C(Cc3ccc(O)cc3)C2=O)cc1,Cc1ccc(N2C(=O)N=C(Cc3ccc(O)cc3)C2=O)cc1
CHEMBL4093953,-0.549,c1ccc(CCCN=c2[nH]cnc3cc(OCCN4CCN(CCN=c5cc[nH]c6ccccc56)CC4)ccc23)cc1,c1ccc(CCCN=c2[nH]cnc3cc(OCCN4CCN(CCN=c5cc[nH]c6ccccc56)CC4)ccc23)cc1
CHEMBL4085774,-1,c1ccc(CCCN=c2[nH]cnc3cc(OCC4CCN(CCNc5ccc6ncccc6c5)CC4)ccc23)cc1,c1ccc(CCCN=c2[nH]cnc3cc(OCC4CCN(CCNc5ccc6ncccc6c5)CC4)ccc23)cc1
CHEMBL4076738,-0.765,FC(F)(F)c1ccc2c(=NCCN3CCC(COc4ccc5c(=NCCCc6ccccc6)[nH]cnc5c4)CC3)cc[nH]c2c1,FC(F)(F)c1ccc2c(=NCCN3CCC(COc4ccc5c(=NCCCc6ccccc6)[nH]cnc5c4)CC3)cc[nH]c2c1
CHEMBL105350,0.723,O=C(C=Cc1ccc(O)cc1)CC(=O)C=Cc1ccc(O)cc1,O=C(C=Cc1ccc(O)cc1)CC(=O)C=Cc1ccc(O)cc1
CHEMBL355037,-1.162,CCc1ccc(CCNC(=O)c2cc(Cl)ccc2OC)cc1,CCc1ccc(CCNC(=O)c2cc(Cl)ccc2OC)cc1
CHEMBL3134249,-0.6,COc1ccc(Cl)cc1C(=O)NCCc1ccc(C=CC(=O)O)cc1,COc1ccc(Cl)cc1C(=O)NCCc1ccc(/C=C/C(=O)O)cc1
CHEMBL318782,-0.089,O=C1C(Cl)=C(Cl)C(=O)c2ccccc21,O=C1C(Cl)=C(Cl)C(=O)c2ccccc21
CHEMBL1440928,0.383,CN(C)CCc1cc2c(c3c1ccc1ccccc13)OCO2,CN(C)CCc1cc2c(c3c1ccc1ccccc13)OCO2
CHEMBL1320799,-1.137,NS(=O)(=O)c1ccc(N=Nc2ccc(=O)[nH]c2O)cc1,NS(=O)(=O)c1ccc(N=Nc2ccc(=O)[nH]c2O)cc1
CHEMBL1715550,0.336,COc1cc(C=CC=C2CCC(=CC=Cc3ccc(O)c(OC)c3)C2=O)ccc1O,COc1cc(C=CC=C2CCC(=CC=Cc3ccc(O)c(OC)c3)C2=O)ccc1O
CHEMBL1423186,-2.318,O=C(CSc1nc(=O)cc(O)[nH]1)Nc1ccccc1[N+](=O)[O-],O=C(CSc1nc(=O)cc(O)[nH]1)Nc1ccccc1[N+](=O)[O-]
CHEMBL1380580,-0.92,Oc1[nH]c2ccccc2c1N=Nc1ccc(F)cc1,Oc1[nH]c2ccccc2c1N=Nc1ccc(F)cc1
CHEMBL1404761,-1.381,N=C1C(=Cc2coc3ccccc3c2=O)C(=O)N=C2SC(c3ccco3)=NN12,N=C1/C(=C/c2coc3ccccc3c2=O)C(=O)N=C2SC(c3ccco3)=NN12
CHEMBL1503050,0.489,O=C(O)Cc1c[nH]c2cccc(O)c12,O=C(O)Cc1c[nH]c2cccc(O)c12
CHEMBL1978925,-1.151,O=C(NN=Cc1ccc(OC(=O)c2ccccc2Cl)cc1)c1cc(O)cc(O)c1,O=C(N/N=C/c1ccc(OC(=O)c2ccccc2Cl)cc1)c1cc(O)cc(O)c1
CHEMBL1566980,-1.947,O=C(CSc1nc(=O)c2ccccc2[nH]1)N=c1[nH]c(-c2ccc(Br)cc2)cs1,O=C(CSc1nc(=O)c2ccccc2[nH]1)N=c1[nH]c(-c2ccc(Br)cc2)cs1
CHEMBL1403497,-1.287,O=c1cc(O)[nH]c(=O)n1Cc1ccco1,O=c1cc(O)[nH]c(=O)n1Cc1ccco1
CHEMBL1408320,-1.266,CC(C)N1C(=O)C(=CC=Cc2ccco2)C(=O)N(Cc2ccco2)C1=O,CC(C)N1C(=O)/C(=C/C=C/c2ccco2)C(=O)N(Cc2ccco2)C1=O
CHEMBL1603637,-1.325,COc1ccc(C=c2c(=CSc3ccc(Cl)cc3)[nH]n(-c3nc4ccccc4s3)c2=O)cc1,COc1ccc(/C=c2\c(=CSc3ccc(Cl)cc3)[nH]n(-c3nc4ccccc4s3)c2=O)cc1
CHEMBL2178754,-0.178,CON=C(Cc1c[nH]c2ccc(Br)cc12)C(=O)NCCSSCCNC(=O)C(Cc1c[nH]c2ccc(Br)cc12)=NOC,CON=C(Cc1c[nH]c2ccc(Br)cc12)C(=O)NCCSSCCNC(=O)C(Cc1c[nH]c2ccc(Br)cc12)=NOC
CHEMBL2178775,-0.342,CSCCNC(=O)C(Cc1c[nH]c2ccc(Br)cc12)=NO,CSCCNC(=O)C(Cc1c[nH]c2ccc(Br)cc12)=NO
CHEMBL1964442,-0.598,O=C(NN=Cc1ccoc1)c1cc(O)cc(O)c1,O=C(N/N=C/c1ccoc1)c1cc(O)cc(O)c1
CHEMBL1423709,-1.916,Cn1cccc1C=C1C(=O)NC(=S)N(Cc2ccc(F)cc2)C1=O,Cn1cccc1/C=C1/C(=O)NC(=S)N(Cc2ccc(F)cc2)C1=O
CHEMBL583555,-0.668,Cc1ccc2cc3c(=N)c4c(C)ccc(C)c4[nH]c3nc2c1,Cc1ccc2cc3c(=N)c4c(C)ccc(C)c4[nH]c3nc2c1
CHEMBL1310120,-0.411,CC1=CC(=Cc2ccc(Br)o2)C(=O)O1,CC1=C/C(=C\c2ccc(Br)o2)C(=O)O1
CHEMBL4205373,-0.45,COc1cc2c(=NC3CC4CCC(C3)N4C)cc(-c3ccc(C)o3)[nH]c2cc1OCCCN1CCCC1,COc1cc2c(=NC3CC4CCC(C3)N4C)cc(-c3ccc(C)o3)[nH]c2cc1OCCCN1CCCC1
CHEMBL4210432,-0.504,Cc1ccc(-c2cc(=NC3CCN(C)CC3)c3cc(O)c(OCCCN4CCCC4)cc3[nH]2)o1,Cc1ccc(-c2cc(=NC3CCN(C)CC3)c3cc(O)c(OCCCN4CCCC4)cc3[nH]2)o1
CHEMBL4203186,-0.998,Cc1ccc(-c2cc(=NC3CCN(C)CC3)c3cc(C#N)c(OCCCN4CCCC4)cc3[nH]2)o1,Cc1ccc(-c2cc(=NC3CCN(C)CC3)c3cc(C#N)c(OCCCN4CCCC4)cc3[nH]2)o1
CHEMBL4588797,0.405,N#Cc1cn(C2OC(CSCCC(N)C(=O)O)C(O)C2O)c2[nH]cnc(=N)c12,N#Cc1cn([C@@H]2O[C@H](CSCCC(N)C(=O)O)[C@@H](O)[C@H]2O)c2[nH]cnc(=N)c12
CHEMBL3427571,-1.231,COC(=O)C(Cc1ccc(-n2nnc(-c3ccc(F)cc3)n2)cc1)N1C(=O)C=CC1=O,COC(=O)C(Cc1ccc(-n2nnc(-c3ccc(F)cc3)n2)cc1)N1C(=O)C=CC1=O
CHEMBL1602143,-1.863,COc1ccc2[nH]c(=Nc3nc(=O)cc(CSc4nnnn4-c4ccccc4)[nH]3)nc(C)c2c1,COc1ccc2[nH]c(=Nc3nc(=O)cc(CSc4nnnn4-c4ccccc4)[nH]3)nc(C)c2c1
CHEMBL1235825,0.609,CN(CCC(N)C(=O)O)CC1OC(n2cnc3c(=N)[nH]cnc32)C(O)C1O,CN(CCC(N)C(=O)O)C[C@H]1O[C@@H](n2cnc3c(=N)[nH]cnc32)[C@H](O)[C@@H]1O
CHEMBL2018855,0.076,N=c1[nH]cnc2c1ncn2C1OC(CN(CCc2csc3ccccc23)CCC(N)C(=O)O)C(O)C1O,N=c1[nH]cnc2c1ncn2[C@@H]1O[C@H](CN(CCc2csc3ccccc23)CCC(N)C(=O)O)[C@@H](O)[C@H]1O
CHEMBL1397916,-2.266,O=C(NNC(=O)c1ccccc1F)c1cccc(-n2cccc2)c1,O=C(NNC(=O)c1ccccc1F)c1cccc(-n2cccc2)c1
CHEMBL1612983,-1.404,C=c1c(=Cc2c(O)[nH]c(=O)n(-c3ccc(Cl)cc3)c2=O)cc(C)n1-c1sc2c(c1C#N)CCCC2,C=c1c(=Cc2c(O)[nH]c(=O)n(-c3ccc(Cl)cc3)c2=O)cc(C)n1-c1sc2c(c1C#N)CCCC2
CHEMBL1533230,-0.305,CC(C)(CS(=O)(=O)[O-])NC(=O)CC[N+](C)(C)CCO,CC(C)(CS(=O)(=O)[O-])NC(=O)CC[N+](C)(C)CCO
CHEMBL1904582,-0.092,NC(CSC(c1ccccc1)(c1ccccc1)c1ccc(-c2ccccc2)cc1)C(=O)O,NC(CSC(c1ccccc1)(c1ccccc1)c1ccc(-c2ccccc2)cc1)C(=O)O
CHEMBL1701761,1.746,OCC(O)c1oc(O)c(O)c1O,OCC(O)c1oc(O)c(O)c1O
CHEMBL3961701,-0.705,CNCCN1CCC(OCc2ccccc2)CC1,CNCCN1CCC(OCc2ccccc2)CC1
CHEMBL1916678,-0.599,Cc1ccc(S(=O)(=O)Oc2ccc(C3=NOC4CN(C)CC34)cc2)cc1,Cc1ccc(S(=O)(=O)Oc2ccc(C3=NOC4CN(C)CC34)cc2)cc1
CHEMBL4206035,-0.404,COc1cc2c(=NC3CC4(CCN(C)CC4)C3)cc(-c3ccc(C)o3)[nH]c2cc1OCCCN1CCCC1,COc1cc2c(=NC3CC4(CCN(C)CC4)C3)cc(-c3ccc(C)o3)[nH]c2cc1OCCCN1CCCC1
CHEMBL4204482,-0.551,COc1cc2c(=NC3CC4(CCN(C(C)C)CC4)C3)cc(-c3ccc(C)o3)[nH]c2cc1OCCCN1CCCC1,COc1cc2c(=NC3CC4(CCN(C(C)C)CC4)C3)cc(-c3ccc(C)o3)[nH]c2cc1OCCCN1CCCC1
CHEMBL4215326,-0.035,COc1cc2c(=NC3CCN(C)CC3)cc(-c3ccc(C)o3)[nH]c2cc1OC1CC2(C1)CN(C)C2,COc1cc2c(=NC3CCN(C)CC3)cc(-c3ccc(C)o3)[nH]c2cc1OC1CC2(C1)CN(C)C2
CHEMBL2171169,-0.598,CC(C)N(CCCNC(=O)Nc1ccc(C(C)(C)C)cc1)CC1OC(n2cnc3c(=N)[nH]cnc32)C(O)C1O,CC(C)N(CCCNC(=O)Nc1ccc(C(C)(C)C)cc1)C[C@H]1O[C@@H](n2cnc3c(=N)[nH]cnc32)[C@H](O)[C@@H]1O
CHEMBL1571682,-0.812,CCN(CC)CCC(=O)Nc1cccc2c1C(=O)c1ccccc1C2=O,CCN(CC)CCC(=O)Nc1cccc2c1C(=O)c1ccccc1C2=O
CHEMBL1975801,-1.334,CCOC(=O)C1=C(C)N=c2sc(=Cc3ccc(OCC(=O)O)c(OC)c3)c(=O)n2C1c1ccc(Cl)cc1,CCOC(=O)C1=C(C)N=c2s/c(=C/c3ccc(OCC(=O)O)c(OC)c3)c(=O)n2C1c1ccc(Cl)cc1
CHEMBL1441143,-1.288,CCCCCCCCc1n[nH]c(=NC(=O)c2ccco2)s1,CCCCCCCCc1n[nH]c(=NC(=O)c2ccco2)s1
CHEMBL1453126,-0.702,Cc1cc(C)c2c(=N)c3cccc(C)c3[nH]c2n1,Cc1cc(C)c2c(=N)c3cccc(C)c3[nH]c2n1
CHEMBL1317569,-1.888,CC(=O)c1cccc(OCC(=O)N(C)CC(=O)NCc2ccco2)c1,CC(=O)c1cccc(OCC(=O)N(C)CC(=O)NCc2ccco2)c1
CHEMBL1566994,-1.85,COc1cc(=NS(=O)(=O)c2ccc(NC(=S)NC(=O)C=Cc3ccco3)cc2)[nH]cn1,COc1cc(=NS(=O)(=O)c2ccc(NC(=S)NC(=O)/C=C/c3ccco3)cc2)[nH]cn1
CHEMBL1560128,-1.362,CCOC(=O)c1cc(-c2ccc(N3CCOCC3)cc2)nn1-c1ccccc1C(=O)O,CCOC(=O)c1cc(-c2ccc(N3CCOCC3)cc2)nn1-c1ccccc1C(=O)O
CHEMBL1519992,-1.707,Cc1ccc(-n2nc(-c3ccco3)cc2C(=O)O)c(C)c1,Cc1ccc(-n2nc(-c3ccco3)cc2C(=O)O)c(C)c1
CHEMBL2007178,-1.561,O=C(O)c1ccc(-n2cccc2C=NNC(=O)c2cc3cc(Br)ccc3o2)cc1,O=C(O)c1ccc(-n2cccc2/C=N\NC(=O)c2cc3cc(Br)ccc3o2)cc1
CHEMBL3134235,-0.8,COc1ccc(Cl)cc1NC(=O)CCc1ccc(CCC(=O)O)cc1,COc1ccc(Cl)cc1NC(=O)CCc1ccc(CCC(=O)O)cc1
CHEMBL149930,-0.928,COc1ccc(Cl)cc1C(=O)NCCc1ccc(C(=O)O)cc1,COc1ccc(Cl)cc1C(=O)NCCc1ccc(C(=O)O)cc1
CHEMBL3134251,-0.943,COc1ccc(Cl)cc1C(=O)NCCc1ccc(CCC(N)=O)cc1,COc1ccc(Cl)cc1C(=O)NCCc1ccc(CCC(N)=O)cc1
CHEMBL3134247,-0.708,COc1ccc(Cl)cc1C(=O)NCCc1ccc(C(C)CC(=O)O)cc1,COc1ccc(Cl)cc1C(=O)NCCc1ccc(C(C)CC(=O)O)cc1
CHEMBL3134244,-1.152,O=C(O)CCc1ccc(CCNC(=O)c2cc(Cl)ccc2F)cc1,O=C(O)CCc1ccc(CCNC(=O)c2cc(Cl)ccc2F)cc1
CHEMBL3134242,-0.674,O=C(O)CCc1ccc(CCNC(=O)c2cccnc2)cc1,O=C(O)CCc1ccc(CCNC(=O)c2cccnc2)cc1
CHEMBL1501577,-1.574,COC(=O)c1ccccc1NC(=O)CCS(=O)(=O)c1ccc(Br)cc1,COC(=O)c1ccccc1NC(=O)CCS(=O)(=O)c1ccc(Br)cc1
CHEMBL1561729,-0.944,O=C(O)c1ccc(-n2cccc2CC2=NC(=O)N(c3ccccc3)C2=O)cc1,O=C(O)c1ccc(-n2cccc2CC2=NC(=O)N(c3ccccc3)C2=O)cc1
CHEMBL1587837,-2.146,COc1ccc(NS(=O)(=O)c2ccc(O)c(NC(=O)c3cc4c(C)nn(-c5ccc(F)cc5)c4s3)c2)cc1,COc1ccc(NS(=O)(=O)c2ccc(O)c(NC(=O)c3cc4c(C)nn(-c5ccc(F)cc5)c4s3)c2)cc1
CHEMBL3780926,-0.617,NCCN1CCC(Cc2ccccc2)CC1,NCCN1CCC(Cc2ccccc2)CC1
CHEMBL3126651,-0.741,O=C(Nc1ccc(N=c2cc[nH]c3ccccc23)cc1)c1ccc(N=c2cc[nH]c3ccccc23)cc1,O=C(Nc1ccc(N=c2cc[nH]c3ccccc23)cc1)c1ccc(N=c2cc[nH]c3ccccc23)cc1
CHEMBL2047689,-0.225,O=C(NCCS)C(Cc1ccc(F)cc1)=NO,O=C(NCCS)C(Cc1ccc(F)cc1)=NO
CHEMBL2047716,-0.094,CN(C)c1ccc(CC(=NO)C(=O)NCCSSCCNC(=O)C(Cc2ccc(N(C)C)c(Br)c2)=NO)cc1Br,CN(C)c1ccc(CC(=NO)C(=O)NCCSSCCNC(=O)C(Cc2ccc(N(C)C)c(Br)c2)=NO)cc1Br
CHEMBL2047542,-0.142,CON=C(Cc1ccc(O)c(Br)c1)C(=O)NCCSC,CON=C(Cc1ccc(O)c(Br)c1)C(=O)NCCSC
CHEMBL4558658,-0.774,COc1cc2[nH]c(=NCc3ccc(F)cc3)[nH]c(=NC3CCN(C(=O)OC(C)(C)C)CC3)c2cc1OC,COc1cc2[nH]c(=NCc3ccc(F)cc3)[nH]c(=NC3CCN(C(=O)OC(C)(C)C)CC3)c2cc1OC
CHEMBL1469245,-1.841,COC(=O)c1c(NC(=O)COC(=O)c2ccc(NC(=O)CC#N)cc2)sc2c1CCCCC2,COC(=O)c1c(NC(=O)COC(=O)c2ccc(NC(=O)CC#N)cc2)sc2c1CCCCC2
CHEMBL1485277,-1.834,CCOc1ccc(C=NNc2ccc(S(=O)(=O)Nc3ccccc3C(=O)O)cc2[N+](=O)[O-])cc1,CCOc1ccc(C=NNc2ccc(S(=O)(=O)Nc3ccccc3C(=O)O)cc2[N+](=O)[O-])cc1
CHEMBL1480378,-2.137,Cc1cc[nH]c(=NS(=O)(=O)c2ccc(NC(=O)Cc3cccs3)cc2)n1,Cc1cc[nH]c(=NS(=O)(=O)c2ccc(NC(=O)Cc3cccs3)cc2)n1
CHEMBL1521144,-2.126,O=C(CSc1nc(=O)c2cnn(-c3ccccc3)c2[nH]1)c1ccc(Cl)cc1,O=C(CSc1nc(=O)c2cnn(-c3ccccc3)c2[nH]1)c1ccc(Cl)cc1
CHEMBL1464280,-0.378,C=C(C)C(=O)Nc1cccc(C2=NOC3(C2)CC(C(N)=O)N(C(=O)C2(C)CC2)C3)c1,C=C(C)C(=O)Nc1cccc(C2=NOC3(C2)CC(C(N)=O)N(C(=O)C2(C)CC2)C3)c1
CHEMBL1490134,-1.517,C=CCOc1ccc(C=NNc2ccc(S(=O)(=O)Nc3ccccc3C(=O)O)cc2[N+](=O)[O-])cc1OC,C=CCOc1ccc(C=NNc2ccc(S(=O)(=O)Nc3ccccc3C(=O)O)cc2[N+](=O)[O-])cc1OC
CHEMBL2047704,-0.209,CN(C)c1ccc(CC(=NO)C(=O)NCCS)cc1Br,CN(C)c1ccc(CC(=NO)C(=O)NCCS)cc1Br
CHEMBL4068870,-0.771,COc1ccc(Cl)cc1C(=O)NCCc1ccc(C=CC(O)=NO)cc1,COc1ccc(Cl)cc1C(=O)NCCc1ccc(/C=C/C(O)=NO)cc1
CHEMBL4076931,-0.732,O=C(NCC=c1ccc(=CCC(O)=NO)cc1)c1ccc2[nH]cnc2c1,O=C(NCC=c1ccc(=CCC(O)=NO)cc1)c1ccc2[nH]cnc2c1
CHEMBL4077911,-0.593,Cc1cc(=NCCN2CCC(COc3ccc4c(=NCCCc5ccccc5)[nH]cnc4c3)CC2)cc[nH]1,Cc1cc(=NCCN2CCC(COc3ccc4c(=NCCCc5ccccc5)[nH]cnc4c3)CC2)cc[nH]1
CHEMBL2178774,0.017,O=C(NCCO)C(Cc1c[nH]c2ccc(Br)cc12)=NO,O=C(NCCO)C(Cc1c[nH]c2ccc(Br)cc12)=NO
CHEMBL4537137,-0.746,COc1cc2c(=NC3CCN(Cc4ccccc4)CC3)[nH]c(N3CCN(c4ccccc4)CC3)nc2cc1O,COc1cc2c(=NC3CCN(Cc4ccccc4)CC3)[nH]c(N3CCN(c4ccccc4)CC3)nc2cc1O
CHEMBL408018,-0.909,O=[N+]([O-])c1ccc(C2=NC(CN3CCCC3)CO2)cc1,O=[N+]([O-])c1ccc(C2=N[C@@H](CN3CCCC3)CO2)cc1
CHEMBL3427572,-0.86,COC(=O)C(Cc1ccc(-n2nnc(-c3cccc4ccccc34)n2)cc1)N1C(=O)C=CC1=O,COC(=O)C(Cc1ccc(-n2nnc(-c3cccc4ccccc34)n2)cc1)N1C(=O)C=CC1=O
CHEMBL1818030,0.278,O=C(NCCSSCCNC(=O)C(Cc1cccc(O)c1)=NO)C(Cc1cccc(O)c1)=NO,O=C(NCCSSCCNC(=O)C(Cc1cccc(O)c1)=NO)C(Cc1cccc(O)c1)=NO
CHEMBL3765066,-0.654,O=C1N=C(Cc2ccc(O)cc2)C(=O)N1c1ccc(Cl)cc1,O=C1N=C(Cc2ccc(O)cc2)C(=O)N1c1ccc(Cl)cc1
CHEMBL3764104,-0.89,O=C1N=C(Cc2ccc(Cl)cc2)C(=O)N1c1ccc(Cl)cc1,O=C1N=C(Cc2ccc(Cl)cc2)C(=O)N1c1ccc(Cl)cc1
CHEMBL2047706,-0.1,O=C(NCCSSCCNC(=O)C(Cc1ccc(F)cc1)=NO)C(Cc1ccc(F)cc1)=NO,O=C(NCCSSCCNC(=O)C(Cc1ccc(F)cc1)=NO)C(Cc1ccc(F)cc1)=NO
CHEMBL2047671,-0.385,CSCCNC(=O)C(=O)Cc1ccc(O)c(Br)c1,CSCCNC(=O)C(=O)Cc1ccc(O)c(Br)c1
CHEMBL1818136,0.166,CSCCNC(=O)C(Cc1ccc(O)c(Br)c1)=NO,CSCCNC(=O)C(Cc1ccc(O)c(Br)c1)=NO
CHEMBL4202651,-0.373,COc1cc2[nH]c(-c3ccc(C)o3)cc(=NC3CCN(C)CC3)c2cc1OC,COc1cc2[nH]c(-c3ccc(C)o3)cc(=NC3CCN(C)CC3)c2cc1OC
CHEMBL4203655,-0.132,COc1cc2c(=NC3CCN(C)CC3)cc(-c3ccc(C)o3)[nH]c2cc1OC1CCNCC1,COc1cc2c(=NC3CCN(C)CC3)cc(-c3ccc(C)o3)[nH]c2cc1OC1CCNCC1
CHEMBL1818033,0.121,O=C(NCCSSCCNC(=O)C(Cc1ccc(O)c(Cl)c1)=NO)C(Cc1ccc(O)c(Cl)c1)=NO,O=C(NCCSSCCNC(=O)C(Cc1ccc(O)c(Cl)c1)=NO)C(Cc1ccc(O)c(Cl)c1)=NO
CHEMBL1435948,-1.231,COc1ccc(S(=O)(=O)N2CCN(C(=O)C3COc4ccccc4O3)CC2)cc1,COc1ccc(S(=O)(=O)N2CCN(C(=O)C3COc4ccccc4O3)CC2)cc1
CHEMBL1568915,3.377,CC(=CCCC(C)C1CCC2(C)C3=C(CCC12C)C1(C)CCC(=O)C(C)(C)C1CC3)C(=O)O,CC(=CCCC(C)[C@H]1CC[C@@]2(C)C3=C(CC[C@]12C)[C@@]1(C)CCC(=O)C(C)(C)[C@@H]1CC3)C(=O)O
CHEMBL1437464,-1.697,CCOC(=O)C1CCCN(C(=O)c2cc(-c3ccco3)nc3ccccc23)C1,CCOC(=O)C1CCCN(C(=O)c2cc(-c3ccco3)nc3ccccc23)C1
CHEMBL1332402,-1.773,Cc1ccc(NC(=O)CN2C(=O)SC(=Cc3ccc(-c4cc(C(=O)O)ccc4C)o3)C2=O)cc1C,Cc1ccc(NC(=O)CN2C(=O)S/C(=C/c3ccc(-c4cc(C(=O)O)ccc4C)o3)C2=O)cc1C
CHEMBL1780246,-0.07,O=C(O)C(c1c[nH]c2ccccc12)N1C(=O)C=C(c2ccccc2)C1=O,O=C(O)C(c1c[nH]c2ccccc12)N1C(=O)C=C(c2ccccc2)C1=O
CHEMBL3109083,-0.404,O=C(O)C(Cc1c[nH]c2ccccc12)n1c(=O)[nH]c2ccccc2c1=O,O=C(O)C(Cc1c[nH]c2ccccc12)n1c(=O)[nH]c2ccccc2c1=O
CHEMBL3109084,-0.718,O=C(O)C(Cc1c[nH]c2ccccc12)NSc1ncccc1[N+](=O)[O-],O=C(O)C(Cc1c[nH]c2ccccc12)NSc1ncccc1[N+](=O)[O-]
CHEMBL564490,0.464,CN1CCC(SCC2OC(n3cnc4c(=N)[nH]cnc43)C(O)C2O)C1,CN1CC[C@@H](SC[C@H]2O[C@@H](n3cnc4c(=N)[nH]cnc43)[C@H](O)[C@@H]2O)C1
CHEMBL1346592,-1.514,Cc1ccccc1NC(=O)CN1C(=O)N=C(Cc2cccn2-c2cccc(C(=O)O)c2)C1=O,Cc1ccccc1NC(=O)CN1C(=O)N=C(Cc2cccn2-c2cccc(C(=O)O)c2)C1=O
CHEMBL1341590,-0.2,CC(=O)OC=C1CSC2C(NC(=O)c3ccc(COc4cccc(Cl)c4Cl)o3)C(=O)N2C1C(=O)O,CC(=O)OC=C1CSC2C(NC(=O)c3ccc(COc4cccc(Cl)c4Cl)o3)C(=O)N2C1C(=O)O
CHEMBL1704614,0.39,O=C1C(=O)c2c(ccc3ccccc23)-c2ccccc21,O=C1C(=O)c2c(ccc3ccccc23)-c2ccccc21
CHEMBL580076,-1.185,COc1ccc2[nH]c(C)cc(=Nc3ccc(N4CCN(C)CC4)cc3)c2c1,COc1ccc2[nH]c(C)cc(=Nc3ccc(N4CCN(C)CC4)cc3)c2c1
CHEMBL4640870,-2.915,O=C(CSc1ncnc2sccc12)N1CCN(Cc2cc(=O)n3ccsc3n2)CC1,O=C(CSc1ncnc2sccc12)N1CCN(Cc2cc(=O)n3ccsc3n2)CC1
CHEMBL552309,0.658,N=c1[nH]cnc2c1ccn2C1OC(CSCCC(N)C(=O)O)C(O)C1O,N=c1[nH]cnc2c1ccn2[C@@H]1O[C@H](CSCCC(N)C(=O)O)[C@@H](O)[C@H]1O
CHEMBL4874514,-0.252,COc1cc2[nH]c(-c3ccc(C)o3)cc(=NCC3CCN(C4CC(C(O)=NO)C4)CC3)c2cc1OC,COc1cc2[nH]c(-c3ccc(C)o3)cc(=NCC3CCN(C4CC(C(O)=NO)C4)CC3)c2cc1OC
CHEMBL4854659,-0.846,COc1cc2[nH]c(-c3ccc(C)o3)cc(=NCC3CCN(c4ccc(C(O)=NO)cn4)CC3)c2cc1OC,COc1cc2[nH]c(-c3ccc(C)o3)cc(=NCC3CCN(c4ccc(C(O)=NO)cn4)CC3)c2cc1OC
CHEMBL4845706,-0.552,COc1cc2[nH]c(C3CCCCC3)cc(=NCC3CCN(c4ncc(C(O)=NO)cn4)CC3)c2cc1OC,COc1cc2[nH]c(C3CCCCC3)cc(=NCC3CCN(c4ncc(C(O)=NO)cn4)CC3)c2cc1OC
CHEMBL4208004,-0.67,COc1cc2c(=NCC3CCN(C)CC3)cc(-c3ccc(C)o3)[nH]c2cc1OCCCN1CCCC1,COc1cc2c(=NCC3CCN(C)CC3)cc(-c3ccc(C)o3)[nH]c2cc1OCCCN1CCCC1
CHEMBL569864,-0.938,COc1cc2[nH]c(N3CCCN(C)CC3)nc(=NC3CCN(Cc4ccccc4)CC3)c2cc1OC,COc1cc2[nH]c(N3CCCN(C)CC3)nc(=NC3CCN(Cc4ccccc4)CC3)c2cc1OC
CHEMBL1985987,-1.189,CC(=NNC(=O)c1cc(O)cc(O)c1)c1ccc(NC(=O)Cc2ccccc2)cc1,CC(=NNC(=O)c1cc(O)cc(O)c1)c1ccc(NC(=O)Cc2ccccc2)cc1
CHEMBL3109082,-0.465,NC(=O)C(Cc1c[nH]c2ccccc12)N1C(=O)c2ccccc2C1=O,NC(=O)C(Cc1c[nH]c2ccccc12)N1C(=O)c2ccccc2C1=O
CHEMBL1377441,-0.925,O=C(O)c1ccc(-c2ccc(CC3=NC(=O)N(Cc4ccc(Cl)cc4)C3=O)o2)cc1Cl,O=C(O)c1ccc(-c2ccc(CC3=NC(=O)N(Cc4ccc(Cl)cc4)C3=O)o2)cc1Cl
CHEMBL1523953,-0.509,Cc1ccc(S(=O)(=O)N2C(c3ccc(C(C)C)cc3)C=CC(C(=O)O)C2c2ccc(C(C)(C)C)cc2)cc1,Cc1ccc(S(=O)(=O)N2[C@H](c3ccc(C(C)C)cc3)C=CC(C(=O)O)[C@@H]2c2ccc(C(C)(C)C)cc2)cc1
CHEMBL1360321,-1.451,CN1C(=O)NC(=O)C(=Cc2ccc([N+](=O)[O-])o2)C1=O,CN1C(=O)NC(=O)/C(=C\c2ccc([N+](=O)[O-])o2)C1=O
CHEMBL582503,0.32,c1ccc2c(c1)c1c(c3ccccc32)CN2CCCC2C1,c1ccc2c(c1)c1c(c3ccccc32)CN2CCCC2C1
CHEMBL3109088,-0.205,O=C(O)CC(Cc1c[nH]c2ccccc12)N1C(=O)c2ccccc2C1=O,O=C(O)C[C@H](Cc1c[nH]c2ccccc12)N1C(=O)c2ccccc2C1=O
CHEMBL1429479,-1.02,Cc1ccc(N2C(=O)NC(=O)C(=Cc3ccoc3)C2=O)cc1,Cc1ccc(N2C(=O)NC(=O)/C(=C/c3ccoc3)C2=O)cc1
CHEMBL1972915,-2.073,Cc1nn(-c2ccccc2)c(Cl)c1C=NNc1ccc(S(=O)(=O)Nc2ccccc2C(=O)O)cc1[N+](=O)[O-],Cc1nn(-c2ccccc2)c(Cl)c1/C=N/Nc1ccc(S(=O)(=O)Nc2ccccc2C(=O)O)cc1[N+](=O)[O-]
CHEMBL2385837,-1.157,CN(C)c1ccc2[nH]ccc(=Nc3ccc(NC(=O)c4cccc(Nc5cc[n+](C)cc5)c4)cc3)c2c1,CN(C)c1ccc2[nH]ccc(=Nc3ccc(NC(=O)c4cccc(Nc5cc[n+](C)cc5)c4)cc3)c2c1
CHEMBL2385838,-0.996,CN(C)c1ccc2[nH]ccc(=Nc3ccc(NC(=O)c4ccc(Nc5cc[n+](C)cc5)cc4)cc3)c2c1,CN(C)c1ccc2[nH]ccc(=Nc3ccc(NC(=O)c4ccc(Nc5cc[n+](C)cc5)cc4)cc3)c2c1
CHEMBL2385836,-0.814,C[n+]1ccc(Nc2ccc(C(=O)Nc3ccc(N=c4cc[nH]c5ccc(N)cc45)cc3)cc2)cc1,C[n+]1ccc(Nc2ccc(C(=O)Nc3ccc(N=c4cc[nH]c5ccc(N)cc45)cc3)cc2)cc1
CHEMBL2429920,-0.722,O=C(O)CN1C(=O)c2ccccc2C1=O,O=C(O)CN1C(=O)c2ccccc2C1=O
CHEMBL3414633,-1.599,O=[N+]([O-])c1cc(S(=O)(=O)Nc2ccc(O)c3ccccc23)ccc1Cl,O=[N+]([O-])c1cc(S(=O)(=O)Nc2ccc(O)c3ccccc23)ccc1Cl
CHEMBL54976,0.392,NC(Cc1c[nH]c2ccccc12)C(=O)O,NC(Cc1c[nH]c2ccccc12)C(=O)O
CHEMBL1571625,-0.714,C=c1[nH]n(-c2ccccc2)c(=O)c1=Cc1[nH]c(=S)[nH]c1O,C=c1[nH]n(-c2ccccc2)c(=O)c1=Cc1[nH]c(=S)[nH]c1O
CHEMBL256098,-2.15,Cc1ccc(NC(=O)CN2C(=O)SC(=Cc3cccn3-c3cccc(C(=O)O)c3)C2=O)c(C)c1,Cc1ccc(NC(=O)CN2C(=O)S/C(=C\c3cccn3-c3cccc(C(=O)O)c3)C2=O)c(C)c1
CHEMBL1446088,-2.279,CCN(CC(=O)Nc1c(F)cccc1F)C(=O)c1cccc(-n2cccc2)c1,CCN(CC(=O)Nc1c(F)cccc1F)C(=O)c1cccc(-n2cccc2)c1
CHEMBL4463793,-0.917,C=CC(=O)Nc1cccc(-c2c[nH]cc2CN(C)CCN)c1,C=CC(=O)Nc1cccc(-c2c[nH]cc2CN(C)CCN)c1
CHEMBL4442279,-0.989,c1ccc(N2CCN(c3nc(=NC4CCN(Cc5ccc6ccccc6c5)CC4)c4ccccc4[nH]3)CC2)cc1,c1ccc(N2CCN(c3nc(=NC4CCN(Cc5ccc6ccccc6c5)CC4)c4ccccc4[nH]3)CC2)cc1
CHEMBL4574840,-1.017,COc1ccc2[nH]c(N3CCN(c4ccccc4)CC3)nc(=NC3CCN(Cc4ccccc4)CC3)c2c1,COc1ccc2[nH]c(N3CCN(c4ccccc4)CC3)nc(=NC3CCN(Cc4ccccc4)CC3)c2c1
CHEMBL4855823,-0.496,COc1cc2[nH]c(-c3ccc(C)o3)cc(=NCc3ccc(C(O)=NO)cn3)c2cc1OC,COc1cc2[nH]c(-c3ccc(C)o3)cc(=NCc3ccc(C(O)=NO)cn3)c2cc1OC
CHEMBL1780245,-0.062,CC1=CC(=O)N(C(C(=O)O)c2c[nH]c3ccccc23)C1=O,CC1=CC(=O)N(C(C(=O)O)c2c[nH]c3ccccc23)C1=O
CHEMBL4554522,-0.731,COc1ccc(CN2CCC(N=c3[nH]c(=Nc4ccc(NC(=O)CCCCCCC(O)=NO)cc4)[nH]c4cc(OC)c(OC)cc34)CC2)cc1,COc1ccc(CN2CCC(N=c3[nH]c(=Nc4ccc(NC(=O)CCCCCCC(O)=NO)cc4)[nH]c4cc(OC)c(OC)cc34)CC2)cc1
CHEMBL4069152,-0.836,O=C(NCCc1ccc(C=CC(O)=NO)cc1)c1ccc2ncccc2c1,O=C(NCCc1ccc(/C=C/C(O)=NO)cc1)c1ccc2ncccc2c1
CHEMBL4067480,-1.111,O=C(NCCc1ccc(C=CC(O)=NO)cc1)c1cc(C(F)(F)F)ccc1Cl,O=C(NCCc1ccc(/C=C/C(O)=NO)cc1)c1cc(C(F)(F)F)ccc1Cl
CHEMBL4093350,-0.854,O=C(NCCc1ccc(C=CC(O)=NO)cc1)c1c[nH]c2ncccc12,O=C(NCCc1ccc(/C=C/C(O)=NO)cc1)c1c[nH]c2ncccc12
CHEMBL1489,1.432,N=c1ncn(C2OC(CO)C(O)C2O)c(=O)[nH]1,N=c1ncn([C@@H]2O[C@H](CO)[C@@H](O)[C@H]2O)c(=O)[nH]1
CHEMBL4163369,-0.734,COc1cc2c(=NC3CCN(C)CC3)cc(C)[nH]c2cc1OCCCN1CCCC1,COc1cc2c(=NC3CCN(C)CC3)cc(C)[nH]c2cc1OCCCN1CCCC1
CHEMBL4162957,-0.516,COc1cc2c(=NC3CCN(C)CC3)cc(-c3cc[nH]c(=O)c3)[nH]c2cc1OCCCN1CCCC1,COc1cc2c(=NC3CCN(C)CC3)cc(-c3cc[nH]c(=O)c3)[nH]c2cc1OCCCN1CCCC1
CHEMBL4174677,-0.434,COc1cc2c(=NC3CCN(C)CC3)cc(-c3cc4ccccc4o3)[nH]c2cc1OCCCN1CCCC1,COc1cc2c(=NC3CCN(C)CC3)cc(-c3cc4ccccc4o3)[nH]c2cc1OCCCN1CCCC1
CHEMBL1995706,-1.757,COc1ccc(Br)cc1C=NNc1ccc(S(=O)(=O)Nc2ccccc2C(=O)O)cc1[N+](=O)[O-],COc1ccc(Br)cc1/C=N/Nc1ccc(S(=O)(=O)Nc2ccccc2C(=O)O)cc1[N+](=O)[O-]
CHEMBL1609276,-1.018,O=C1COc2ccc(C(=O)COC(=O)C=Cc3ccc(Br)o3)cc2N1,O=C1COc2ccc(C(=O)COC(=O)/C=C/c3ccc(Br)o3)cc2N1
CHEMBL104663,-1.107,N=C(N)NCCCS(=O)(=O)Nc1ccc(N=c2c3ccccc3[nH]c3cc([N+](=O)[O-])ccc23)cc1,N=C(N)NCCCS(=O)(=O)Nc1ccc(N=c2c3ccccc3[nH]c3cc([N+](=O)[O-])ccc23)cc1
CHEMBL1482590,-0.711,C=C(C)C(=O)Nc1cccc(C2=NOC3(C2)CC(C(N)=O)N(C(=O)CC)C3)c1,C=C(C)C(=O)Nc1cccc(C2=NOC3(C2)CC(C(N)=O)N(C(=O)CC)C3)c1
CHEMBL1510676,-0.964,Cc1ccc(C2C(C=C3SC(=S)NC3=O)=C(c3cccs3)Oc3ccccc32)cc1,Cc1ccc(C2C(/C=C3/SC(=S)NC3=O)=C(c3cccs3)Oc3ccccc32)cc1
CHEMBL1430983,-1.532,COc1cc(C=C2SC(=O)N(Cc3ccc(Cl)cc3)C2=O)cc([N+](=O)[O-])c1O,COc1cc(C=C2SC(=O)N(Cc3ccc(Cl)cc3)C2=O)cc([N+](=O)[O-])c1O
CHEMBL1509648,-1.262,Cc1ccc(C=CC(=O)Nc2ccc([N+](=O)[O-])c(NC(=O)C=Cc3ccc(C)o3)c2)o1,Cc1ccc(/C=C/C(=O)Nc2ccc([N+](=O)[O-])c(NC(=O)/C=C/c3ccc(C)o3)c2)o1
CHEMBL1967046,-2.349,c1coc(-c2ccc3nncn3c2)c1,c1coc(-c2ccc3nncn3c2)c1
CHEMBL1461389,-2.555,Cc1ccccc1NC(=O)CSc1ccsc1[N+](=O)[O-],Cc1ccccc1NC(=O)CSc1ccsc1[N+](=O)[O-]
CHEMBL1560629,-0.824,C=c1c(=Cc2c(O)[nH]c(=O)n(-c3ccccc3F)c2=O)cc(C)n1-c1cc(C(=O)O)cc(C(=O)O)c1,C=c1c(=Cc2c(O)[nH]c(=O)n(-c3ccccc3F)c2=O)cc(C)n1-c1cc(C(=O)O)cc(C(=O)O)c1
CHEMBL1395998,-1.506,CN(C)C(CNC(=O)c1cc(-c2ccco2)nc2ccccc12)c1ccccc1,CN(C)C(CNC(=O)c1cc(-c2ccco2)nc2ccccc12)c1ccccc1
CHEMBL4527662,-0.871,COc1cc2c(=NC3CCN(Cc4ccccc4)CC3)[nH]c(N3CCN(c4ccccc4)CC3)nc2cc1OCc1ccccc1,COc1cc2c(=NC3CCN(Cc4ccccc4)CC3)[nH]c(N3CCN(c4ccccc4)CC3)nc2cc1OCc1ccccc1
CHEMBL2178772,-0.02,O=C(NCCCCCCCCNC(=O)C(Cc1c[nH]c2ccc(Br)cc12)=NO)C(Cc1c[nH]c2ccc(Br)cc12)=NO,O=C(NCCCCCCCCNC(=O)C(Cc1c[nH]c2ccc(Br)cc12)=NO)C(Cc1c[nH]c2ccc(Br)cc12)=NO
CHEMBL1566530,-1.872,O=C(O)CN1C(=O)C(=Cc2cc(Br)ccc2OCc2ccccc2Cl)SC1=S,O=C(O)CN1C(=O)/C(=C\c2cc(Br)ccc2OCc2ccccc2Cl)SC1=S
CHEMBL1391256,-0.132,O=C1CCCC2=c3c(ccc4ccccc34)=NC(c3ccco3)C12,O=C1CCCC2=c3c(ccc4ccccc34)=NC(c3ccco3)C12
CHEMBL1472200,-1.861,CCOC(=O)Cc1csc(=NC(=O)c2sc3nc4cc(C)ccc4cc3c2N)[nH]1,CCOC(=O)Cc1csc(=NC(=O)c2sc3nc4cc(C)ccc4cc3c2N)[nH]1
CHEMBL1411673,-1.358,COc1ccc(CN2C(=O)NC(=O)C(=Cc3ccco3)C2=O)cc1,COc1ccc(CN2C(=O)NC(=O)/C(=C\c3ccco3)C2=O)cc1
CHEMBL1704267,-2.109,O=C(NN=Cc1ccc(F)cc1)c1cc(-c2ccco2)nc2ccccc12,O=C(N/N=C/c1ccc(F)cc1)c1cc(-c2ccco2)nc2ccccc12
CHEMBL1440277,-1.847,CC(C)COc1ccc(-c2nn(-c3ccccc3)cc2C=C2SC(=S)N(CC(=O)O)C2=O)cc1,CC(C)COc1ccc(-c2nn(-c3ccccc3)cc2/C=C2/SC(=S)N(CC(=O)O)C2=O)cc1
CHEMBL1573309,-1.107,CCN(CC)CCn1c2ccccc2c2c[nH]c(=N)c(C#N)c21,CCN(CC)CCn1c2ccccc2c2c[nH]c(=N)c(C#N)c21
CHEMBL1443718,-1.271,CCOC(=O)C(C)N1C(=O)SC(=Cc2ccc(-c3ccccc3C(=O)O)o2)C1=O,CCOC(=O)C(C)N1C(=O)S/C(=C\c2ccc(-c3ccccc3C(=O)O)o2)C1=O
CHEMBL1408747,-1.813,O=C(O)c1ccc(-n2cccc2C=C2SC(=O)N(CC(=O)N3CCCC3)C2=O)cc1,O=C(O)c1ccc(-n2cccc2/C=C2/SC(=O)N(CC(=O)N3CCCC3)C2=O)cc1
CHEMBL1976649,-1.807,COc1ccccc1N1CCN(N=Cc2ccc(Cl)c([N+](=O)[O-])c2)CC1,COc1ccccc1N1CCN(/N=C/c2ccc(Cl)c([N+](=O)[O-])c2)CC1
CHEMBL4757320,-1.526,CC(C)(C)c1ccc(NC(=O)c2ncn(CC(=O)NCc3ccc4c(=N)[nH]ccc4c3)n2)cc1,CC(C)(C)c1ccc(NC(=O)c2ncn(CC(=O)NCc3ccc4c(=N)[nH]ccc4c3)n2)cc1
CHEMBL1780247,-0.202,CC1=C(C)C(=O)N(C(C(=O)O)c2c[nH]c3ccccc23)C1=O,CC1=C(C)C(=O)N(C(C(=O)O)c2c[nH]c3ccccc23)C1=O
CHEMBL2047544,0.099,CON=C(Cc1ccc(O)c(Br)c1)C(=O)NCCSSCCNC(=O)C(Cc1ccc(O)c(Br)c1)=NOC,CON=C(Cc1ccc(O)c(Br)c1)C(=O)NCCSSCCNC(=O)C(Cc1ccc(O)c(Br)c1)=NOC
CHEMBL4167876,-0.768,COc1cc2c(=NC3CCN(C)CC3)cc(-c3ccc(CN(C)C)o3)[nH]c2cc1OCCCN1CCCC1,COc1cc2c(=NC3CCN(C)CC3)cc(-c3ccc(CN(C)C)o3)[nH]c2cc1OCCCN1CCCC1
CHEMBL4169833,-0.916,COc1cc2c(=NC3CCN(C)CC3)cc(-c3ccnn3C)[nH]c2cc1OCCCN1CCCC1,COc1cc2c(=NC3CCN(C)CC3)cc(-c3ccnn3C)[nH]c2cc1OCCCN1CCCC1
CHEMBL1230055,0.237,NC(CCSCC1OC(n2cnc3c(=NCc4cccc(Cl)c4)[nH]cnc32)C(O)C1O)C(=O)O,NC(CCSC[C@H]1O[C@@H](n2cnc3c(=NCc4cccc(Cl)c4)[nH]cnc32)[C@H](O)[C@@H]1O)C(=O)O
CHEMBL4207483,-0.719,COc1cc2c(=NC3CCN(C)CC3)cc(-c3ccc(C)o3)[nH]c2cc1OCCCN1CCC(F)C1,COc1cc2c(=NC3CCN(C)CC3)cc(-c3ccc(C)o3)[nH]c2cc1OCCCN1CCC(F)C1
CHEMBL4215862,-0.132,COc1cc2c(=NC3CCN(C)CC3)cc(-c3ccc(C)o3)[nH]c2cc1OC1CC2(C1)CN(C(C)C)C2,COc1cc2c(=NC3CCN(C)CC3)cc(-c3ccc(C)o3)[nH]c2cc1OC1CC2(C1)CN(C(C)C)C2
CHEMBL1529522,-1.933,CCOC(=O)c1nn(-c2ccc(F)cc2)c(=O)cc1OCC(=O)Nc1ccc(OCC)cc1,CCOC(=O)c1nn(-c2ccc(F)cc2)c(=O)cc1OCC(=O)Nc1ccc(OCC)cc1
CHEMBL1702473,0.271,COC1C(=N)C(=O)c2nc(C)ccc2C1=O,COC1C(=N)C(=O)c2nc(C)ccc2C1=O
CHEMBL1529471,-1.714,CC(C(=O)Nc1ccc(O)c(C(=O)O)c1)N1C(=O)C(=Cc2ccco2)SC1=S,CC(C(=O)Nc1ccc(O)c(C(=O)O)c1)N1C(=O)/C(=C/c2ccco2)SC1=S
CHEMBL1313324,-2.202,O=C(O)CCN1C(=O)C(=Cc2ccc(-c3nc4ccccc4s3)o2)SC1=S,O=C(O)CCN1C(=O)/C(=C/c2ccc(-c3nc4ccccc4s3)o2)SC1=S
CHEMBL1446430,-1.399,CCOC(=O)C(NC(=O)CC(C)C)(Nc1sc2c(c1C(N)=O)CCCC2)C(F)(F)F,CCOC(=O)C(NC(=O)CC(C)C)(Nc1sc2c(c1C(N)=O)CCCC2)C(F)(F)F
CHEMBL1729254,1.676,COc1cc(CCc2ccccc2)c(C(=O)O)c(O)c1CC=C(C)CCC=C(C)C,COc1cc(CCc2ccccc2)c(C(=O)O)c(O)c1C/C=C(/C)CCC=C(C)C
CHEMBL1332506,-1.047,O=C1NN(c2ccccc2)C(=O)C1=Cc1ccc(-c2ccc(C(=O)O)cc2)o1,O=C1NN(c2ccccc2)C(=O)/C1=C/c1ccc(-c2ccc(C(=O)O)cc2)o1
CHEMBL1421172,-1.325,CCCCN1C(=O)C(=CC=Cc2ccco2)C(=O)NC1=S,CCCCN1C(=O)/C(=C/C=C/c2ccco2)C(=O)NC1=S
CHEMBL4069669,-0.987,O=C(NCCc1ccc(C=CC(O)=NO)cc1)c1cncc(F)c1,O=C(NCCc1ccc(/C=C/C(O)=NO)cc1)c1cncc(F)c1
CHEMBL4206071,-0.808,COc1cc2c(OC3CCN(C)CC3)cc(-c3ccc(C)o3)nc2cc1OCCCN1CCCC1,COc1cc2c(OC3CCN(C)CC3)cc(-c3ccc(C)o3)nc2cc1OCCCN1CCCC1
CHEMBL4856184,-0.749,COc1cc2c(=NCC3CCN(Cc4ccc(C(O)=NO)cc4)CC3)cc(-c3ccc(C)o3)[nH]c2cc1OCCCN1CCCC1,COc1cc2c(=NCC3CCN(Cc4ccc(C(O)=NO)cc4)CC3)cc(-c3ccc(C)o3)[nH]c2cc1OCCCN1CCCC1
CHEMBL4092336,-1.846,COC(=O)c1ccccc1NC(=O)CSc1nc2cc(OC)ccc2[nH]1,COC(=O)c1ccccc1NC(=O)CSc1nc2cc(OC)ccc2[nH]1
CHEMBL4103702,-0.956,c1ccc(CCCN=c2[nH]cnc3cc(OCC4CCN(CCNc5cccc6ncccc56)CC4)ccc23)cc1,c1ccc(CCCN=c2[nH]cnc3cc(OCC4CCN(CCNc5cccc6ncccc56)CC4)ccc23)cc1
CHEMBL4104156,-0.803,CN(CCN1CCC(COc2ccc3c(=NCCCc4ccccc4)[nH]cnc3c2)CC1)c1ccnc2ccccc12,CN(CCN1CCC(COc2ccc3c(=NCCCc4ccccc4)[nH]cnc3c2)CC1)c1ccnc2ccccc12
CHEMBL3087498,-0.676,CC(C)N(CCCNC(=O)Nc1ccc(C(C)(C)C)cc1)CC1OC(n2cc(Br)c3c(=N)[nH]cnc32)C(O)C1O,CC(C)N(CCCNC(=O)Nc1ccc(C(C)(C)C)cc1)C[C@H]1O[C@@H](n2cc(Br)c3c(=N)[nH]cnc32)[C@H](O)[C@@H]1O
CHEMBL551167,0.486,COC(=O)C1CC(SCC2OC(n3cnc4c(=N)[nH]cnc43)C(O)C2O)CN1C,COC(=O)C1C[C@H](SC[C@H]2O[C@@H](n3cnc4c(=N)[nH]cnc43)[C@H](O)[C@@H]2O)CN1C
CHEMBL4855461,-0.206,COc1cc2[nH]c(-c3ccc(C)o3)cc(=NC3CCC(C(O)=NO)CC3)c2cc1OC,COc1cc2[nH]c(-c3ccc(C)o3)cc(=NC3CCC(C(O)=NO)CC3)c2cc1OC
CHEMBL44,1.355,O=c1c(-c2ccc(O)cc2)coc2cc(O)cc(O)c12,O=c1c(-c2ccc(O)cc2)coc2cc(O)cc(O)c12
CHEMBL4208522,-0.599,COc1cc2c(=NC(C)(C)C3CCN(C)CC3)cc(-c3ccc(C)o3)[nH]c2cc1OCCCN1CCCC1,COc1cc2c(=NC(C)(C)C3CCN(C)CC3)cc(-c3ccc(C)o3)[nH]c2cc1OCCCN1CCCC1
CHEMBL4173662,-0.431,COc1cc2c(=NC3CCN(C)CC3)cc(-c3ccoc3)[nH]c2cc1OCCCN1CCCC1,COc1cc2c(=NC3CCN(C)CC3)cc(-c3ccoc3)[nH]c2cc1OCCCN1CCCC1
CHEMBL4166410,-0.303,COc1cc2c(=NC3CCN(C)CC3)cc(C3CCC(C)O3)[nH]c2cc1OCCCN1CCCC1,COc1cc2c(=NC3CCN(C)CC3)cc(C3CCC(C)O3)[nH]c2cc1OCCCN1CCCC1
CHEMBL4159955,-0.663,CCNCc1ccc(-c2cc(=NC3CCN(C)CC3)c3cc(OC)c(OCCCN4CCCC4)cc3[nH]2)o1,CCNCc1ccc(-c2cc(=NC3CCN(C)CC3)c3cc(OC)c(OCCCN4CCCC4)cc3[nH]2)o1
CHEMBL4166777,-0.547,COc1cc2c(=NC3CCN(C)CC3)cc(-c3ccc(-c4ccccc4)o3)[nH]c2cc1OCCCN1CCCC1,COc1cc2c(=NC3CCN(C)CC3)cc(-c3ccc(-c4ccccc4)o3)[nH]c2cc1OCCCN1CCCC1
CHEMBL4074312,-0.679,CCCN=c1[nH]cnc2cc(OCC3CCN(CCN=c4cc[nH]c5ccccc45)CC3)ccc12,CCCN=c1[nH]cnc2cc(OCC3CCN(CCN=c4cc[nH]c5ccccc45)CC3)ccc12
CHEMBL4089049,-0.599,Nc1ccc(CCN=c2[nH]cnc3cc(OCC4CCN(CCN=c5cc[nH]c6ccccc56)CC4)ccc23)cc1,Nc1ccc(CCN=c2[nH]cnc3cc(OCC4CCN(CCN=c5cc[nH]c6ccccc56)CC4)ccc23)cc1
CHEMBL1818035,0.242,O=C(NCCSSCCNC(=O)C(Cc1ccc(O)c(I)c1)=NO)C(Cc1ccc(O)c(I)c1)=NO,O=C(NCCSSCCNC(=O)C(Cc1ccc(O)c(I)c1)=NO)C(Cc1ccc(O)c(I)c1)=NO
CHEMBL98,-0.833,O=C(CCCCCCC(O)=NO)Nc1ccccc1,O=C(CCCCCCC(O)=NO)Nc1ccccc1
CHEMBL4865830,-0.9,COc1cc2c(=NCC3CCN(c4ncc(C(O)=NO)cn4)CC3)cc(C)[nH]c2cc1OCCCN1CCCC1,COc1cc2c(=NCC3CCN(c4ncc(C(O)=NO)cn4)CC3)cc(C)[nH]c2cc1OCCCN1CCCC1
CHEMBL4847870,-0.59,COc1cc2[nH]c(-c3ccccc3)cc(=NCC3CCN(c4ncc(C(O)=NO)cn4)CC3)c2cc1OC,COc1cc2[nH]c(-c3ccccc3)cc(=NCC3CCN(c4ncc(C(O)=NO)cn4)CC3)c2cc1OC
CHEMBL4065917,-0.953,c1ccc(CCCN=c2[nH]cnc3cc(OCC4CCN(CCNc5cccc6cnccc56)CC4)ccc23)cc1,c1ccc(CCCN=c2[nH]cnc3cc(OCC4CCN(CCNc5cccc6cnccc56)CC4)ccc23)cc1
CHEMBL4087907,-0.363,Oc1ccc2c(=NCCN3CCC(COc4ccc5c(=NCCCc6ccccc6)[nH]cnc5c4)CC3)cc[nH]c2c1,Oc1ccc2c(=NCCN3CCC(COc4ccc5c(=NCCCc6ccccc6)[nH]cnc5c4)CC3)cc[nH]c2c1
CHEMBL4207526,-0.51,CCc1ccc(-c2cc(=NC3CCN(C)CC3)c3cc(OC)c(OCCCN(C)C)cc3[nH]2)o1,CCc1ccc(-c2cc(=NC3CCN(C)CC3)c3cc(OC)c(OCCCN(C)C)cc3[nH]2)o1
CHEMBL559281,0.734,N=c1[nH]cnc2c1ncn2C1OC(CSC2CCCC2N)C(O)C1O,N=c1[nH]cnc2c1ncn2[C@@H]1O[C@H](CS[C@@H]2CCC[C@@H]2N)[C@@H](O)[C@H]1O
CHEMBL1897695,0.747,CCCCCCCCC(=O)c1c(OC)oc(C=O)cc1=O,CCCCCCCCC(=O)c1c(OC)oc(C=O)cc1=O
CHEMBL1369492,-1.701,CCc1n[nH]c(=NS(=O)(=O)c2ccc(NC(=S)NC(=O)C=Cc3ccc(C(C)C)cc3)cc2)s1,CCc1n[nH]c(=NS(=O)(=O)c2ccc(NC(=S)NC(=O)/C=C/c3ccc(C(C)C)cc3)cc2)s1
CHEMBL1303651,-1.355,O=C(O)C(c1ccccc1)N1C(=O)C(=Cc2ccc(-c3ccc(Br)cc3)o2)SC1=S,O=C(O)C(c1ccccc1)N1C(=O)/C(=C\c2ccc(-c3ccc(Br)cc3)o2)SC1=S
CHEMBL4870578,-0.58,COc1cc2[nH]c(-c3ccc(C)o3)cc(=NCC3CCN(Cc4ccc(C(O)=NO)cc4)CC3)c2cc1OC,COc1cc2[nH]c(-c3ccc(C)o3)cc(=NCC3CCN(Cc4ccc(C(O)=NO)cc4)CC3)c2cc1OC
CHEMBL563946,0.781,N=c1cc[nH]c2c1ncn2C1OC(CSCCC(N)C(=O)O)C(O)C1O,N=c1cc[nH]c2c1ncn2[C@@H]1O[C@H](CSCCC(N)C(=O)O)[C@@H](O)[C@H]1O
CHEMBL4216663,-0.404,COc1cc2c(=NCC3C4CCC3CN(C)C4)cc(-c3ccc(C)o3)[nH]c2cc1OCCCN1CCCC1,COc1cc2c(=NCC3C4CCC3CN(C)C4)cc(-c3ccc(C)o3)[nH]c2cc1OCCCN1CCCC1
CHEMBL4215377,-0.963,Cc1ccc(-c2cc(=NC3CCN(C)CC3)c3cc(Cl)c(OCCCN4CCCC4)cc3[nH]2)o1,Cc1ccc(-c2cc(=NC3CCN(C)CC3)c3cc(Cl)c(OCCCN4CCCC4)cc3[nH]2)o1
CHEMBL3765534,-0.781,O=C(NCC1CCCCC1)c1cccc(N2C(=O)N=C(Cc3ccc(O)cc3)C2=O)c1,O=C(NCC1CCCCC1)c1cccc(N2C(=O)N=C(Cc3ccc(O)cc3)C2=O)c1
CHEMBL4092207,-0.32,Oc1cc2[nH]ccc(=NCCN3CCC(COc4ccc5c(=NCCCc6ccccc6)[nH]cnc5c4)CC3)c2cc1O,Oc1cc2[nH]ccc(=NCCN3CCC(COc4ccc5c(=NCCCc6ccccc6)[nH]cnc5c4)CC3)c2cc1O
CHEMBL4097685,-0.757,Clc1ccc(CCN=c2[nH]cnc3cc(OCC4CCN(CCN=c5cc[nH]c6ccccc56)CC4)ccc23)cc1,Clc1ccc(CCN=c2[nH]cnc3cc(OCC4CCN(CCN=c5cc[nH]c6ccccc56)CC4)ccc23)cc1
CHEMBL4086403,-0.142,CCCCCCN=c1[nH]c(=NC2CCN(C)CC2)c2cc(OC)c(OC)cc2[nH]1,CCCCCCN=c1[nH]c(=NC2CCN(C)CC2)c2cc(OC)c(OC)cc2[nH]1
CHEMBL4213346,-0.217,COc1cc2c(=NC3CC4(CCN(C)CC4)C3)cc(-c3ccc(C)o3)[nH]c2cc1OCC1CCN(C)CC1,COc1cc2c(=NC3CC4(CCN(C)CC4)C3)cc(-c3ccc(C)o3)[nH]c2cc1OCC1CCN(C)CC1
CHEMBL4204903,0.108,COc1cc2c(=NC3CC4(CCN(C)CC4)C3)cc(-c3ccc(C)o3)[nH]c2cc1OC1CC2(C1)CN(C)C2,COc1cc2c(=NC3CC4(CCN(C)CC4)C3)cc(-c3ccc(C)o3)[nH]c2cc1OC1CC2(C1)CN(C)C2
CHEMBL4582042,-0.885,COc1cc2[nH]c(N3CCN(c4ccccc4)CC3)nc(=NC3CCN(Cc4ccccc4)CC3)c2cc1OC,COc1cc2[nH]c(N3CCN(c4ccccc4)CC3)nc(=NC3CCN(Cc4ccccc4)CC3)c2cc1OC
CHEMBL4469152,-1.052,COc1ccc2c(=NC3CCN(Cc4ccccc4)CC3)[nH]c(N3CCN(c4ccccc4)CC3)nc2c1,COc1ccc2c(=NC3CCN(Cc4ccccc4)CC3)[nH]c(N3CCN(c4ccccc4)CC3)nc2c1
CHEMBL4217747,-0.767,COc1cc2c(=NCc3ccccc3)cc(-c3ccc(C)o3)[nH]c2cc1OCCCN1CCCC1,COc1cc2c(=NCc3ccccc3)cc(-c3ccc(C)o3)[nH]c2cc1OCCCN1CCCC1
CHEMBL4210033,-0.631,CCc1ccc(-c2cc(=NC3CCN(C)CC3)c3cc(OC)c(OCCCN4CCCCC4)cc3[nH]2)o1,CCc1ccc(-c2cc(=NC3CCN(C)CC3)c3cc(OC)c(OCCCN4CCCCC4)cc3[nH]2)o1
CHEMBL1579066,0.815,Oc1cccc2cc3cccc(O)c3c(O)c12,Oc1cccc2cc3cccc(O)c3c(O)c12
CHEMBL233896,-1.032,CN(C)CCOc1nc(-c2ccccc2)nc2c1oc1ccccc12,CN(C)CCOc1nc(-c2ccccc2)nc2c1oc1ccccc12
CHEMBL1514259,-1.228,COc1cc(C=C(CCC(=O)O)c2nc3ccccc3s2)ccc1OCC(=O)Nc1c(Cl)cccc1Cl,COc1cc(/C=C(\CCC(=O)O)c2nc3ccccc3s2)ccc1OCC(=O)Nc1c(Cl)cccc1Cl
CHEMBL1789994,0.074,CC[N+](C)(CC)CCCCOc1ccc2c(c1)C(=O)c1cc(OCCCC[N+](C)(CC)CC)ccc1-2,CC[N+](C)(CC)CCCCOc1ccc2c(c1)C(=O)c1cc(OCCCC[N+](C)(CC)CC)ccc1-2
CHEMBL1209491,1.277,COc1cc2cc(Oc3ccc4ccc(=O)oc4c3)c(=O)oc2cc1OC1OC(CO)C(O)C(O)C1O,COc1cc2cc(Oc3ccc4ccc(=O)oc4c3)c(=O)oc2cc1O[C@@H]1O[C@H](CO)[C@@H](O)[C@H](O)[C@H]1O
CHEMBL4852593,-0.849,COc1cc2c(=NCC3CCN(c4ncc(C(O)=NO)cn4)CC3)cc(-c3ccc(C)o3)[nH]c2cc1OCCCN1CCCC1,COc1cc2c(=NCC3CCN(c4ncc(C(O)=NO)cn4)CC3)cc(-c3ccc(C)o3)[nH]c2cc1OCCCN1CCCC1
CHEMBL4862781,-0.211,COc1cc2[nH]c(-c3ccc(C)o3)cc(=NCC3CCC(C(O)=NO)CC3)c2cc1OC,COc1cc2[nH]c(-c3ccc(C)o3)cc(=NCC3CCC(C(O)=NO)CC3)c2cc1OC
CHEMBL4755253,-1.313,N=c1[nH]ccc2cc(CNC(=O)Cn3cnc(C(=O)NC4CCCCC4)n3)ccc12,N=c1[nH]ccc2cc(CNC(=O)Cn3cnc(C(=O)NC4CCCCC4)n3)ccc12
CHEMBL4552020,-0.644,COc1c(CN)cc(CN)cc1OCCCN1Cc2ccccc2C1,COc1c(CN)cc(CN)cc1OCCCN1Cc2ccccc2C1
CHEMBL571717,-0.781,COc1cc2[nH]c(N3CCOCC3)nc(=NC3CCN(C)CC3)c2cc1OC,COc1cc2[nH]c(N3CCOCC3)nc(=NC3CCN(C)CC3)c2cc1OC
CHEMBL4856110,-0.647,COc1cc2[nH]c(-c3ccc(C)o3)cc(=NCC3CCN(c4ncc(C(O)=NO)cn4)CC3)c2cc1OC,COc1cc2[nH]c(-c3ccc(C)o3)cc(=NCC3CCN(c4ncc(C(O)=NO)cn4)CC3)c2cc1OC
CHEMBL4876823,-0.38,COc1cc2[nH]c(-c3ccc(C)o3)cc(=NCC3C4CCC3CN(c3ncc(C(O)=NO)cn3)C4)c2cc1OC,COc1cc2[nH]c(-c3ccc(C)o3)cc(=NCC3C4CCC3CN(c3ncc(C(O)=NO)cn3)C4)c2cc1OC
CHEMBL4855710,-0.808,COc1cc2c(=NC3CCN(c4ccc(C(O)=NO)cc4)CC3)cc(-c3ccc(C)o3)[nH]c2cc1OCCCN1CCCC1,COc1cc2c(=NC3CCN(c4ccc(C(O)=NO)cc4)CC3)cc(-c3ccc(C)o3)[nH]c2cc1OCCCN1CCCC1
CHEMBL4863011,-0.925,COc1cc2c(=NC3CCN(c4ncc(C(O)=NO)cn4)CC3)cc(C)[nH]c2cc1OCCCN1CCCC1,COc1cc2c(=NC3CCN(c4ncc(C(O)=NO)cn4)CC3)cc(C)[nH]c2cc1OCCCN1CCCC1
CHEMBL4787257,-1.657,Cc1ccc(NC(=O)c2ncn(CC(=O)NCc3ccc4c(=N)[nH]ccc4c3)n2)cc1C,Cc1ccc(NC(=O)c2ncn(CC(=O)NCc3ccc4c(=N)[nH]ccc4c3)n2)cc1C
CHEMBL4203133,-0.479,COc1cc2c(=NC3CCN(C)CC3)cc(-c3ccc(C)o3)[nH]c2cc1OCC1CCN(C)CC1,COc1cc2c(=NC3CCN(C)CC3)cc(-c3ccc(C)o3)[nH]c2cc1OCC1CCN(C)CC1
CHEMBL4848955,-0.679,COc1cc2[nH]c(C)cc(=NCC3CCN(c4ncc(C(O)=NO)cn4)CC3)c2cc1OC,COc1cc2[nH]c(C)cc(=NCC3CCN(c4ncc(C(O)=NO)cn4)CC3)c2cc1OC
CHEMBL4078380,-0.415,O=C(NCCc1ccc(C=CC(O)=NO)cc1)c1ccc2c(c1)OCO2,O=C(NCCc1ccc(/C=C/C(O)=NO)cc1)c1ccc2c(c1)OCO2
CHEMBL4092341,-0.712,c1ccc(CN2CCN(CCN=c3[nH]cnc4cc(OCC5CCN(CCN=c6cc[nH]c7ccccc67)CC5)ccc34)CC2)cc1,c1ccc(CN2CCN(CCN=c3[nH]cnc4cc(OCC5CCN(CCN=c6cc[nH]c7ccccc67)CC5)ccc34)CC2)cc1
CHEMBL4101686,-0.637,c1ccc(CCCN=c2[nH]cnc3cc(OCC4CCN(c5ccnc6ccccc56)CC4)ccc23)cc1,c1ccc(CCCN=c2[nH]cnc3cc(OCC4CCN(c5ccnc6ccccc56)CC4)ccc23)cc1
CHEMBL4097289,-0.834,c1ccc(CCCN=c2[nH]cnc3cc(OCC4CCN(CCNc5ccc6ccccc6c5)CC4)ccc23)cc1,c1ccc(CCCN=c2[nH]cnc3cc(OCC4CCN(CCNc5ccc6ccccc6c5)CC4)ccc23)cc1
CHEMBL4081170,-0.631,CC(C)c1ccc(CCN=c2[nH]cnc3cc(OCC4CCN(CCN=c5cc[nH]c6ccccc56)CC4)ccc23)cc1,CC(C)c1ccc(CCN=c2[nH]cnc3cc(OCC4CCN(CCN=c5cc[nH]c6ccccc56)CC4)ccc23)cc1
CHEMBL4086196,-0.612,COCn1ccc(=NCCN2CCC(COc3ccc4c(=NCCCc5ccccc5)[nH]cnc4c3)CC2)[nH]c1=O,COCn1ccc(=NCCN2CCC(COc3ccc4c(=NCCCc5ccccc5)[nH]cnc4c3)CC2)[nH]c1=O
CHEMBL4644275,-1.439,O=C(CCNC(=O)Cc1c(F)cccc1F)N=c1cc[nH]cc1,O=C(CCNC(=O)Cc1c(F)cccc1F)N=c1cc[nH]cc1
CHEMBL3126653,-1.023,Nc1ccc(NC(=O)c2ccc(N=c3cc[nH]c4ccccc34)cc2)cc1,Nc1ccc(NC(=O)c2ccc(N=c3cc[nH]c4ccccc34)cc2)cc1
CHEMBL4084281,-3.005,Fc1cccc(-c2nn3c(Cn4nnc5ccccc54)nnc3s2)c1,Fc1cccc(-c2nn3c(Cn4nnc5ccccc54)nnc3s2)c1
CHEMBL3764359,-0.757,O=C1N=C(Cc2ccc(O)cc2)C(=O)N1c1ccc(I)cc1,O=C1N=C(Cc2ccc(O)cc2)C(=O)N1c1ccc(I)cc1
CHEMBL4069523,-0.831,O=[N+]([O-])c1ccc(CCN=c2[nH]cnc3cc(OCC4CCN(CCN=c5cc[nH]c6ccccc56)CC4)ccc23)cc1,O=[N+]([O-])c1ccc(CCN=c2[nH]cnc3cc(OCC4CCN(CCN=c5cc[nH]c6ccccc56)CC4)ccc23)cc1
CHEMBL2441082,-0.971,COc1cc2c(=NC3CCN(C(C)C)CC3)[nH]c(N3CCC(F)(F)CC3)nc2cc1OCCCN1CCCC1,COc1cc2c(=NC3CCN(C(C)C)CC3)[nH]c(N3CCC(F)(F)CC3)nc2cc1OCCCN1CCCC1
CHEMBL4171233,-0.848,COc1cc2c(=NC3CCN(C(C)C)CC3)cc(-c3ccc(C)o3)[nH]c2cc1OCCCN1CCCC1,COc1cc2c(=NC3CCN(C(C)C)CC3)cc(-c3ccc(C)o3)[nH]c2cc1OCCCN1CCCC1
CHEMBL4160008,-0.639,CCc1ccc(-c2cc(=NC3CCN(C)CC3)c3cc(OC)c(OCCCN4CCCC4)cc3[nH]2)o1,CCc1ccc(-c2cc(=NC3CCN(C)CC3)c3cc(OC)c(OCCCN4CCCC4)cc3[nH]2)o1
CHEMBL4161915,-0.942,COc1cc2c(=NC3CCN(C)CC3)cc(-c3ccn(C)n3)[nH]c2cc1OCCCN1CCCC1,COc1cc2c(=NC3CCN(C)CC3)cc(-c3ccn(C)n3)[nH]c2cc1OCCCN1CCCC1
CHEMBL4171275,-0.49,COc1cc(=NC2CCN(C)CC2)c2cc(OC)c(OCCCN3CCCC3)cc2[nH]1,COc1cc(=NC2CCN(C)CC2)c2cc(OC)c(OCCCN3CCCC3)cc2[nH]1
CHEMBL4162967,-0.672,COc1cc2c(=NC3CCN(C)CC3)cc(N3CCN(C)CC3)[nH]c2cc1OCCCN1CCCC1,COc1cc2c(=NC3CCN(C)CC3)cc(N3CCN(C)CC3)[nH]c2cc1OCCCN1CCCC1
CHEMBL4170225,-0.572,COc1cc2c(=NC3CCN(C)CC3)cc(-c3ccc(C)[nH]3)[nH]c2cc1OCCCN1CCCC1,COc1cc2c(=NC3CCN(C)CC3)cc(-c3ccc(C)[nH]3)[nH]c2cc1OCCCN1CCCC1
CHEMBL3590526,-1.035,O=C1COc2c(cccc2C(O)CNCCN(C(=O)CCNCCc2ccc(Cl)c(Cl)c2)C2CCCCC2)N1,O=C1COc2c(cccc2[C@@H](O)CNCCN(C(=O)CCNCCc2ccc(Cl)c(Cl)c2)C2CCCCC2)N1
CHEMBL4075984,-0.593,O=C(NCCc1ccc(C=CC(O)=NO)cc1)c1ccc2c(c1)OCCO2,O=C(NCCc1ccc(/C=C/C(O)=NO)cc1)c1ccc2c(c1)OCCO2
CHEMBL4203647,-0.823,COc1cc2c(=NCC3CCN(C(C)C)CC3)cc(-c3ccc(C)o3)[nH]c2cc1OCCCN1CCCC1,COc1cc2c(=NCC3CCN(C(C)C)CC3)cc(-c3ccc(C)o3)[nH]c2cc1OCCCN1CCCC1
CHEMBL4102654,-0.199,COc1cc(C(=O)NCCc2ccc(C=CC(O)=NO)cc2)ccc1O,COc1cc(C(=O)NCCc2ccc(/C=C/C(O)=NO)cc2)ccc1O
CHEMBL4205136,-0.483,CCc1ccc(-c2cc(=NC3CCN(C)CC3)c3cc(OC)c(OCCCN4CCC5(CC5)C4)cc3[nH]2)o1,CCc1ccc(-c2cc(=NC3CCN(C)CC3)c3cc(OC)c(OCCCN4CCC5(CC5)C4)cc3[nH]2)o1
CHEMBL4209267,0.192,COc1cc2c(=NC3C4CCC3CN(C)C4)cc(-c3ccc(C)o3)[nH]c2cc1OC1CC2(C1)CN(C)C2,COc1cc2c(=NC3C4CCC3CN(C)C4)cc(-c3ccc(C)o3)[nH]c2cc1OC1CC2(C1)CN(C)C2
CHEMBL4740900,-2.137,CC(C)(C)c1ccc(NC(=O)c2ncn(CC(=O)NCc3ccc4[nH]ncc4c3)n2)cc1,CC(C)(C)c1ccc(NC(=O)c2ncn(CC(=O)NCc3ccc4[nH]ncc4c3)n2)cc1
CHEMBL4095950,-0.585,c1ccc(CCCN=c2[nH]cnc3cc(OCC4CCN(CCN=c5cc[nH]cc5)CC4)ccc23)cc1,c1ccc(CCCN=c2[nH]cnc3cc(OCC4CCN(CCN=c5cc[nH]cc5)CC4)ccc23)cc1
CHEMBL4060407,-0.527,COc1ccc2c(=NCCN3CCC(COc4ccc5c(=NCCCc6ccccc6)[nH]cnc5c4)CC3)cc[nH]c2c1,COc1ccc2c(=NCCN3CCC(COc4ccc5c(=NCCCc6ccccc6)[nH]cnc5c4)CC3)cc[nH]c2c1
CHEMBL4863394,-0.421,COc1cc2[nH]c(-c3ccc(C)o3)cc(=NCc3ccc(C(O)=NO)cc3)c2cc1OC,COc1cc2[nH]c(-c3ccc(C)o3)cc(=NCc3ccc(C(O)=NO)cc3)c2cc1OC
CHEMBL4850606,-0.562,COc1cc2c(=NCC3CCC(C(O)=NO)CC3)cc(-c3ccc(C)o3)[nH]c2cc1OCCCN1CCCC1,COc1cc2c(=NCC3CCC(C(O)=NO)CC3)cc(-c3ccc(C)o3)[nH]c2cc1OCCCN1CCCC1
CHEMBL4854447,-0.768,COc1cc2c(=NC3CCN(Cc4ccc(C(O)=NO)cc4)CC3)cc(-c3ccc(C)o3)[nH]c2cc1OCCCN1CCCC1,COc1cc2c(=NC3CCN(Cc4ccc(C(O)=NO)cc4)CC3)cc(-c3ccc(C)o3)[nH]c2cc1OCCCN1CCCC1
CHEMBL4854765,-0.722,COc1cc2[nH]c(-c3ccc(C)o3)nc(=NCC3CCN(c4ncc(C(O)=NO)cn4)CC3)c2cc1OC,COc1cc2[nH]c(-c3ccc(C)o3)nc(=NCC3CCN(c4ncc(C(O)=NO)cn4)CC3)c2cc1OC
CHEMBL4872782,-0.627,COc1cc2c(=NCC3CCN(C4CCC(C(O)=NO)CC4)CC3)cc(-c3ccc(C)o3)[nH]c2cc1OCCCN1CCCC1,COc1cc2c(=NCC3CCN(C4CCC(C(O)=NO)CC4)CC3)cc(-c3ccc(C)o3)[nH]c2cc1OCCCN1CCCC1
CHEMBL4862662,-0.663,COc1cc2[nH]c(-c3ccc(C)o3)cc(=NC3CCN(c4ncc(C(O)=NO)cn4)CC3)c2cc1OC,COc1cc2[nH]c(-c3ccc(C)o3)cc(=NC3CCN(c4ncc(C(O)=NO)cn4)CC3)c2cc1OC
CHEMBL2171452,-0.546,COc1ccc(C2=NN(C3CCCCCC3)C(=O)C2(C)C)cc1OCCCCOc1ccc(-c2nn[nH]n2)cc1,COc1ccc(C2=NN(C3CCCCCC3)C(=O)C2(C)C)cc1OCCCCOc1ccc(-c2nn[nH]n2)cc1
CHEMBL4210955,-0.84,Cc1ccc(-c2cc(=NC3CCN(C)CC3)c3ccc(OCCCN4CCCC4)cc3[nH]2)o1,Cc1ccc(-c2cc(=NC3CCN(C)CC3)c3ccc(OCCCN4CCCC4)cc3[nH]2)o1
CHEMBL4208010,-0.409,COc1cc2c(=NC3CCN(C)CC3)cc(-c3ccc(C)o3)[nH]c2cc1OCC1CCNCC1,COc1cc2c(=NC3CCN(C)CC3)cc(-c3ccc(C)o3)[nH]c2cc1OCC1CCNCC1
CHEMBL2326941,-0.667,COc1ccc(C2=NN(C3CCCCCC3)C(=O)C3CC=CCC23)cc1OCCCCOc1ccc(-c2nn[nH]n2)cc1,COc1ccc(C2=NN(C3CCCCCC3)C(=O)C3CC=CCC23)cc1OCCCCOc1ccc(-c2nn[nH]n2)cc1
CHEMBL4856508,-0.603,COc1cc2c(=NCc3ccc(C4CCC(C(O)=NO)CC4)cc3)cc(-c3ccc(C)o3)[nH]c2cc1OCCCN1CCCC1,COc1cc2c(=NCc3ccc(C4CCC(C(O)=NO)CC4)cc3)cc(-c3ccc(C)o3)[nH]c2cc1OCCCN1CCCC1
CHEMBL4869419,-0.767,COc1cc2[nH]c(-c3ccc(C)o3)cc(=NCC3CCN(Cc4ccc(C(O)=NO)s4)CC3)c2cc1OC,COc1cc2[nH]c(-c3ccc(C)o3)cc(=NCC3CCN(Cc4ccc(C(O)=NO)s4)CC3)c2cc1OC
CHEMBL4173626,-0.794,CCc1ccc(-c2cc(=NC3CCN(C(C)C)CC3)c3cc(OC)c(OCCCN4CCCC4)cc3[nH]2)o1,CCc1ccc(-c2cc(=NC3CCN(C(C)C)CC3)c3cc(OC)c(OCCCN4CCCC4)cc3[nH]2)o1
CHEMBL4876993,-0.632,COc1cc2c(=NCC3CCN(c4ncc(C(O)=NO)cn4)CC3)cc(-c3ccc(C)o3)[nH]c2cc1OCC1CCNCC1,COc1cc2c(=NCC3CCN(c4ncc(C(O)=NO)cn4)CC3)cc(-c3ccc(C)o3)[nH]c2cc1OCC1CCNCC1
CHEMBL4765125,-1.756,CC(C)(C)c1ccc(NC(=O)c2ncn(CC(=O)NCCn3ccc4c(=N)[nH]cnc43)n2)cc1,CC(C)(C)c1ccc(NC(=O)c2ncn(CC(=O)NCCn3ccc4c(=N)[nH]cnc43)n2)cc1
CHEMBL4872188,-0.73,COc1cc2c(=NCc3ccc(C(O)=NO)cc3)cc(-c3ccc(C)o3)[nH]c2cc1OCCCN1CCCC1,COc1cc2c(=NCc3ccc(C(O)=NO)cc3)cc(-c3ccc(C)o3)[nH]c2cc1OCCCN1CCCC1
CHEMBL4873711,-0.788,COc1cc2c(=NCC3CCN(c4ccc(C(O)=NO)cc4)CC3)cc(-c3ccc(C)o3)[nH]c2cc1OCCCN1CCCC1,COc1cc2c(=NCC3CCN(c4ccc(C(O)=NO)cc4)CC3)cc(-c3ccc(C)o3)[nH]c2cc1OCCCN1CCCC1
CHEMBL4849689,-0.539,COc1cc2c(=NCC3CCC(c4ccc(C(O)=NO)cc4)CC3)cc(-c3ccc(C)o3)[nH]c2cc1OCCCN1CCCC1,COc1cc2c(=NCC3CCC(c4ccc(C(O)=NO)cc4)CC3)cc(-c3ccc(C)o3)[nH]c2cc1OCCCN1CCCC1
CHEMBL4858828,-0.586,COc1cc2[nH]c(N3CCCCC3)cc(=NCC3CCN(c4ncc(C(O)=NO)cn4)CC3)c2cc1OC,COc1cc2[nH]c(N3CCCCC3)cc(=NCC3CCN(c4ncc(C(O)=NO)cn4)CC3)c2cc1OC
CHEMBL4777038,-1.904,Cc1ccc(NC(=O)c2ncn(CC(=O)NCCn3ccc4c(=N)[nH]cnc43)n2)cc1C,Cc1ccc(NC(=O)c2ncn(CC(=O)NCCn3ccc4c(=N)[nH]cnc43)n2)cc1C
CHEMBL4470149,-0.812,COc1ccc(CCN2CCC(N=c3[nH]c(=NCc4ccc(F)cc4)[nH]c4ccccc34)CC2)cc1,COc1ccc(CCN2CCC(N=c3[nH]c(=NCc4ccc(F)cc4)[nH]c4ccccc34)CC2)cc1
CHEMBL4470318,-1,c1ccc(CCCN2CCC(N=c3[nH]c(N4CCN(c5ccccc5)CC4)nc4ccccc34)CC2)cc1,c1ccc(CCCN2CCC(N=c3[nH]c(N4CCN(c5ccccc5)CC4)nc4ccccc34)CC2)cc1
CHEMBL1201129,1.231,N=c1ncn(C2CC(O)C(CO)O2)c(=O)[nH]1,N=c1ncn([C@H]2C[C@H](O)[C@@H](CO)O2)c(=O)[nH]1
CHEMBL4164497,-0.767,COc1cc2c(=NC3CCN(C)CC3)cc(-c3cccnc3)[nH]c2cc1OCCCN1CCCC1,COc1cc2c(=NC3CCN(C)CC3)cc(-c3cccnc3)[nH]c2cc1OCCCN1CCCC1
CHEMBL4163329,-0.578,COc1cc2c(=NC3CCNCC3)cc(-c3ccc(C)o3)[nH]c2cc1OCCCN1CCCC1,COc1cc2c(=NC3CCNCC3)cc(-c3ccc(C)o3)[nH]c2cc1OCCCN1CCCC1
CHEMBL4850570,-0.56,COc1cc2[nH]c(-c3cc(C)oc3C)cc(=NCC3CCN(c4ncc(C(O)=NO)cn4)CC3)c2cc1OC,COc1cc2[nH]c(-c3cc(C)oc3C)cc(=NCC3CCN(c4ncc(C(O)=NO)cn4)CC3)c2cc1OC
CHEMBL4866673,-0.664,COc1cc2c(=NCc3ccc(-c4ccc(C(O)=NO)cc4)cc3)cc(-c3ccc(C)o3)[nH]c2cc1OCCCN1CCCC1,COc1cc2c(=NCc3ccc(-c4ccc(C(O)=NO)cc4)cc3)cc(-c3ccc(C)o3)[nH]c2cc1OCCCN1CCCC1
CHEMBL4871621,-0.782,COc1cc2[nH]c(-c3ccc(C)s3)cc(=NCC3CCN(c4ncc(C(O)=NO)cn4)CC3)c2cc1OC,COc1cc2[nH]c(-c3ccc(C)s3)cc(=NCC3CCN(c4ncc(C(O)=NO)cn4)CC3)c2cc1OC
CHEMBL4878570,-0.411,ON=C(O)C1CCN(CC(O)COC(Cn2c3ccccc3c3ccccc32)Cn2c3ccccc3c3ccccc32)CC1,ON=C(O)C1CCN(CC(O)COC(Cn2c3ccccc3c3ccccc32)Cn2c3ccccc3c3ccccc32)CC1
CHEMBL4526979,-1.011,c1ccc(CCN2CCC(N=c3[nH]c(N4CCN(c5ccccc5)CC4)nc4ccccc34)CC2)cc1,c1ccc(CCN2CCC(N=c3[nH]c(N4CCN(c5ccccc5)CC4)nc4ccccc34)CC2)cc1
CHEMBL4454542,-0.649,COc1cc2c(cc1OCCCN1CCCC1)=NC(C1CCCCC1)C=NC=2NC1CCN(C(C)C)CC1,COc1cc2c(cc1OCCCN1CCCC1)=NC(C1CCCCC1)C=NC=2NC1CCN(C(C)C)CC1
